Chromosome,Pathway_ID,Pathway_Name,Tissue,SNP_chr_pos_ref_alt,SNP_rsID,eQTL_Gene_Ensembl_Versioned,eQTL_Gene_Symbol,eQTL_Gene_Entrez,eQTL_pval_nominal,eQTL_slope,eQTL_TSS_Distance
chr13,hsa04520,Adherens junction - Homo sapiens (human),Brain_Amygdala,chr13_26565677_A_G_b38,,ENSG00000132970.14,WASF3,10810,3.47939708260125e-08,0.29246661067009,7994
chr13,hsa04666,Fc gamma R-mediated phagocytosis - Homo sapiens (human),Brain_Amygdala,chr13_26565677_A_G_b38,,ENSG00000132970.14,WASF3,10810,3.47939708260125e-08,0.29246661067009,7994
chr13,hsa04520,Adherens junction - Homo sapiens (human),Brain_Amygdala,chr13_26576911_T_A_b38,,ENSG00000132970.14,WASF3,10810,3.313180735186e-08,0.293302029371262,19228
chr13,hsa04666,Fc gamma R-mediated phagocytosis - Homo sapiens (human),Brain_Amygdala,chr13_26576911_T_A_b38,,ENSG00000132970.14,WASF3,10810,3.313180735186e-08,0.293302029371262,19228
chr13,hsa04520,Adherens junction - Homo sapiens (human),Brain_Amygdala,chr13_26588590_A_G_b38,,ENSG00000132970.14,WASF3,10810,3.05306188560194e-10,0.333257645368576,30907
chr13,hsa04666,Fc gamma R-mediated phagocytosis - Homo sapiens (human),Brain_Amygdala,chr13_26588590_A_G_b38,,ENSG00000132970.14,WASF3,10810,3.05306188560194e-10,0.333257645368576,30907
chr13,hsa04520,Adherens junction - Homo sapiens (human),Brain_Amygdala,chr13_26588620_C_G_b38,,ENSG00000132970.14,WASF3,10810,3.05306188560194e-10,0.333257645368576,30937
chr13,hsa04666,Fc gamma R-mediated phagocytosis - Homo sapiens (human),Brain_Amygdala,chr13_26588620_C_G_b38,,ENSG00000132970.14,WASF3,10810,3.05306188560194e-10,0.333257645368576,30937
chr13,hsa04520,Adherens junction - Homo sapiens (human),Brain_Amygdala,chr13_26592198_A_G_b38,,ENSG00000132970.14,WASF3,10810,1.33556529507781e-10,0.337701559066772,34515
chr13,hsa04666,Fc gamma R-mediated phagocytosis - Homo sapiens (human),Brain_Amygdala,chr13_26592198_A_G_b38,,ENSG00000132970.14,WASF3,10810,1.33556529507781e-10,0.337701559066772,34515
chr13,hsa04520,Adherens junction - Homo sapiens (human),Brain_Amygdala,chr13_26593704_A_G_b38,,ENSG00000132970.14,WASF3,10810,2.07121206453348e-10,0.335986137390137,36021
chr13,hsa04666,Fc gamma R-mediated phagocytosis - Homo sapiens (human),Brain_Amygdala,chr13_26593704_A_G_b38,,ENSG00000132970.14,WASF3,10810,2.07121206453348e-10,0.335986137390137,36021
chr13,hsa04520,Adherens junction - Homo sapiens (human),Brain_Amygdala,chr13_26596579_G_A_b38,,ENSG00000132970.14,WASF3,10810,6.07622664357863e-10,0.328546047210693,38896
chr13,hsa04666,Fc gamma R-mediated phagocytosis - Homo sapiens (human),Brain_Amygdala,chr13_26596579_G_A_b38,,ENSG00000132970.14,WASF3,10810,6.07622664357863e-10,0.328546047210693,38896
chr13,hsa04520,Adherens junction - Homo sapiens (human),Brain_Amygdala,chr13_26599348_A_C_b38,,ENSG00000132970.14,WASF3,10810,1.33556529507781e-10,0.337701559066772,41665
chr13,hsa04666,Fc gamma R-mediated phagocytosis - Homo sapiens (human),Brain_Amygdala,chr13_26599348_A_C_b38,,ENSG00000132970.14,WASF3,10810,1.33556529507781e-10,0.337701559066772,41665
chr13,hsa04520,Adherens junction - Homo sapiens (human),Brain_Amygdala,chr13_26612706_T_C_b38,,ENSG00000132970.14,WASF3,10810,6.07622664357863e-10,0.328546047210693,55023
chr13,hsa04666,Fc gamma R-mediated phagocytosis - Homo sapiens (human),Brain_Amygdala,chr13_26612706_T_C_b38,,ENSG00000132970.14,WASF3,10810,6.07622664357863e-10,0.328546047210693,55023
chr13,hsa04520,Adherens junction - Homo sapiens (human),Brain_Amygdala,chr13_26615746_G_A_b38,,ENSG00000132970.14,WASF3,10810,6.07622664357863e-10,0.328546047210693,58063
chr13,hsa04666,Fc gamma R-mediated phagocytosis - Homo sapiens (human),Brain_Amygdala,chr13_26615746_G_A_b38,,ENSG00000132970.14,WASF3,10810,6.07622664357863e-10,0.328546047210693,58063
chr13,hsa04520,Adherens junction - Homo sapiens (human),Brain_Amygdala,chr13_26623282_G_A_b38,,ENSG00000132970.14,WASF3,10810,6.07622664357863e-10,0.328546047210693,65599
chr13,hsa04666,Fc gamma R-mediated phagocytosis - Homo sapiens (human),Brain_Amygdala,chr13_26623282_G_A_b38,,ENSG00000132970.14,WASF3,10810,6.07622664357863e-10,0.328546047210693,65599
chr13,hsa04520,Adherens junction - Homo sapiens (human),Brain_Amygdala,chr13_26625869_T_C_b38,,ENSG00000132970.14,WASF3,10810,4.50203165494853e-10,0.332107156515121,68186
chr13,hsa04666,Fc gamma R-mediated phagocytosis - Homo sapiens (human),Brain_Amygdala,chr13_26625869_T_C_b38,,ENSG00000132970.14,WASF3,10810,4.50203165494853e-10,0.332107156515121,68186
chr13,hsa04520,Adherens junction - Homo sapiens (human),Brain_Amygdala,chr13_26626102_A_G_b38,,ENSG00000132970.14,WASF3,10810,3.05306188560194e-10,0.333257645368576,68419
chr13,hsa04666,Fc gamma R-mediated phagocytosis - Homo sapiens (human),Brain_Amygdala,chr13_26626102_A_G_b38,,ENSG00000132970.14,WASF3,10810,3.05306188560194e-10,0.333257645368576,68419
chr13,hsa04520,Adherens junction - Homo sapiens (human),Brain_Amygdala,chr13_26627431_A_G_b38,,ENSG00000132970.14,WASF3,10810,1.28095982685582e-09,0.321504056453705,69748
chr13,hsa04666,Fc gamma R-mediated phagocytosis - Homo sapiens (human),Brain_Amygdala,chr13_26627431_A_G_b38,,ENSG00000132970.14,WASF3,10810,1.28095982685582e-09,0.321504056453705,69748
chr13,hsa04520,Adherens junction - Homo sapiens (human),Brain_Amygdala,chr13_26627677_A_G_b38,,ENSG00000132970.14,WASF3,10810,3.05306188560194e-10,0.333257645368576,69994
chr13,hsa04666,Fc gamma R-mediated phagocytosis - Homo sapiens (human),Brain_Amygdala,chr13_26627677_A_G_b38,,ENSG00000132970.14,WASF3,10810,3.05306188560194e-10,0.333257645368576,69994
chr13,hsa04520,Adherens junction - Homo sapiens (human),Brain_Amygdala,chr13_26628053_TGGAAATGTGTTTCA_T_b38,,ENSG00000132970.14,WASF3,10810,3.81414518232389e-10,0.334333717823029,70370
chr13,hsa04666,Fc gamma R-mediated phagocytosis - Homo sapiens (human),Brain_Amygdala,chr13_26628053_TGGAAATGTGTTTCA_T_b38,,ENSG00000132970.14,WASF3,10810,3.81414518232389e-10,0.334333717823029,70370
chr13,hsa04520,Adherens junction - Homo sapiens (human),Brain_Amygdala,chr13_26629925_T_G_b38,,ENSG00000132970.14,WASF3,10810,6.07622664357863e-10,0.328546047210693,72242
chr13,hsa04666,Fc gamma R-mediated phagocytosis - Homo sapiens (human),Brain_Amygdala,chr13_26629925_T_G_b38,,ENSG00000132970.14,WASF3,10810,6.07622664357863e-10,0.328546047210693,72242
chr13,hsa04520,Adherens junction - Homo sapiens (human),Brain_Amygdala,chr13_26630685_T_C_b38,,ENSG00000132970.14,WASF3,10810,9.40690384331714e-10,0.326541274785996,73002
chr13,hsa04666,Fc gamma R-mediated phagocytosis - Homo sapiens (human),Brain_Amygdala,chr13_26630685_T_C_b38,,ENSG00000132970.14,WASF3,10810,9.40690384331714e-10,0.326541274785996,73002
chr13,hsa04520,Adherens junction - Homo sapiens (human),Brain_Amygdala,chr13_26631733_A_G_b38,,ENSG00000132970.14,WASF3,10810,6.07622664357863e-10,0.328546047210693,74050
chr13,hsa04666,Fc gamma R-mediated phagocytosis - Homo sapiens (human),Brain_Amygdala,chr13_26631733_A_G_b38,,ENSG00000132970.14,WASF3,10810,6.07622664357863e-10,0.328546047210693,74050
chr13,hsa04520,Adherens junction - Homo sapiens (human),Brain_Amygdala,chr13_26633455_C_T_b38,,ENSG00000132970.14,WASF3,10810,3.05306188560194e-10,0.333257645368576,75772
chr13,hsa04666,Fc gamma R-mediated phagocytosis - Homo sapiens (human),Brain_Amygdala,chr13_26633455_C_T_b38,,ENSG00000132970.14,WASF3,10810,3.05306188560194e-10,0.333257645368576,75772
chr13,hsa04520,Adherens junction - Homo sapiens (human),Brain_Amygdala,chr13_26634561_G_T_b38,,ENSG00000132970.14,WASF3,10810,3.81414518232389e-10,0.334333717823029,76878
chr13,hsa04666,Fc gamma R-mediated phagocytosis - Homo sapiens (human),Brain_Amygdala,chr13_26634561_G_T_b38,,ENSG00000132970.14,WASF3,10810,3.81414518232389e-10,0.334333717823029,76878
chr13,hsa04520,Adherens junction - Homo sapiens (human),Brain_Amygdala,chr13_26634893_G_A_b38,,ENSG00000132970.14,WASF3,10810,4.50203165494853e-10,0.332107156515121,77210
chr13,hsa04666,Fc gamma R-mediated phagocytosis - Homo sapiens (human),Brain_Amygdala,chr13_26634893_G_A_b38,,ENSG00000132970.14,WASF3,10810,4.50203165494853e-10,0.332107156515121,77210
chr13,hsa04520,Adherens junction - Homo sapiens (human),Brain_Amygdala,chr13_26636788_G_A_b38,,ENSG00000132970.14,WASF3,10810,6.07622664357863e-10,0.328546047210693,79105
chr13,hsa04666,Fc gamma R-mediated phagocytosis - Homo sapiens (human),Brain_Amygdala,chr13_26636788_G_A_b38,,ENSG00000132970.14,WASF3,10810,6.07622664357863e-10,0.328546047210693,79105
chr13,hsa04520,Adherens junction - Homo sapiens (human),Brain_Amygdala,chr13_26639945_T_C_b38,,ENSG00000132970.14,WASF3,10810,3.05306188560194e-10,0.333257645368576,82262
chr13,hsa04666,Fc gamma R-mediated phagocytosis - Homo sapiens (human),Brain_Amygdala,chr13_26639945_T_C_b38,,ENSG00000132970.14,WASF3,10810,3.05306188560194e-10,0.333257645368576,82262
chr13,hsa04520,Adherens junction - Homo sapiens (human),Brain_Amygdala,chr13_26642803_A_T_b38,,ENSG00000132970.14,WASF3,10810,4.50203165494853e-10,0.332107156515121,85120
chr13,hsa04666,Fc gamma R-mediated phagocytosis - Homo sapiens (human),Brain_Amygdala,chr13_26642803_A_T_b38,,ENSG00000132970.14,WASF3,10810,4.50203165494853e-10,0.332107156515121,85120
chr13,hsa04520,Adherens junction - Homo sapiens (human),Brain_Amygdala,chr13_26643398_T_C_b38,,ENSG00000132970.14,WASF3,10810,4.50203165494853e-10,0.332107156515121,85715
chr13,hsa04666,Fc gamma R-mediated phagocytosis - Homo sapiens (human),Brain_Amygdala,chr13_26643398_T_C_b38,,ENSG00000132970.14,WASF3,10810,4.50203165494853e-10,0.332107156515121,85715
chr13,hsa04520,Adherens junction - Homo sapiens (human),Brain_Amygdala,chr13_26647069_G_A_b38,,ENSG00000132970.14,WASF3,10810,9.40690384331714e-10,0.326541274785996,89386
chr13,hsa04666,Fc gamma R-mediated phagocytosis - Homo sapiens (human),Brain_Amygdala,chr13_26647069_G_A_b38,,ENSG00000132970.14,WASF3,10810,9.40690384331714e-10,0.326541274785996,89386
chr13,hsa04520,Adherens junction - Homo sapiens (human),Brain_Amygdala,chr13_26653744_A_G_b38,,ENSG00000132970.14,WASF3,10810,4.10457898305384e-10,0.349740743637085,96061
chr13,hsa04666,Fc gamma R-mediated phagocytosis - Homo sapiens (human),Brain_Amygdala,chr13_26653744_A_G_b38,,ENSG00000132970.14,WASF3,10810,4.10457898305384e-10,0.349740743637085,96061
chr13,hsa04520,Adherens junction - Homo sapiens (human),Brain_Amygdala,chr13_26654055_G_A_b38,,ENSG00000132970.14,WASF3,10810,7.14420938149075e-10,0.346165806055069,96372
chr13,hsa04666,Fc gamma R-mediated phagocytosis - Homo sapiens (human),Brain_Amygdala,chr13_26654055_G_A_b38,,ENSG00000132970.14,WASF3,10810,7.14420938149075e-10,0.346165806055069,96372
chr13,hsa04520,Adherens junction - Homo sapiens (human),Brain_Amygdala,chr13_26654401_T_C_b38,,ENSG00000132970.14,WASF3,10810,4.10457898305384e-10,0.349740743637085,96718
chr13,hsa04666,Fc gamma R-mediated phagocytosis - Homo sapiens (human),Brain_Amygdala,chr13_26654401_T_C_b38,,ENSG00000132970.14,WASF3,10810,4.10457898305384e-10,0.349740743637085,96718
chr13,hsa04520,Adherens junction - Homo sapiens (human),Brain_Amygdala,chr13_26657075_C_G_b38,,ENSG00000132970.14,WASF3,10810,7.77662218806751e-10,0.345348984003067,99392
chr13,hsa04666,Fc gamma R-mediated phagocytosis - Homo sapiens (human),Brain_Amygdala,chr13_26657075_C_G_b38,,ENSG00000132970.14,WASF3,10810,7.77662218806751e-10,0.345348984003067,99392
chr13,hsa04520,Adherens junction - Homo sapiens (human),Brain_Amygdala,chr13_26658272_G_C_b38,,ENSG00000132970.14,WASF3,10810,4.10457898305384e-10,0.349740743637085,100589
chr13,hsa04666,Fc gamma R-mediated phagocytosis - Homo sapiens (human),Brain_Amygdala,chr13_26658272_G_C_b38,,ENSG00000132970.14,WASF3,10810,4.10457898305384e-10,0.349740743637085,100589
chr13,hsa04520,Adherens junction - Homo sapiens (human),Brain_Amygdala,chr13_26662997_G_A_b38,,ENSG00000132970.14,WASF3,10810,1.9662771432384e-10,0.355022519826889,105314
chr13,hsa04666,Fc gamma R-mediated phagocytosis - Homo sapiens (human),Brain_Amygdala,chr13_26662997_G_A_b38,,ENSG00000132970.14,WASF3,10810,1.9662771432384e-10,0.355022519826889,105314
chr13,hsa04520,Adherens junction - Homo sapiens (human),Brain_Amygdala,chr13_26665587_T_TA_b38,,ENSG00000132970.14,WASF3,10810,3.58073138724537e-10,0.350977122783661,107904
chr13,hsa04666,Fc gamma R-mediated phagocytosis - Homo sapiens (human),Brain_Amygdala,chr13_26665587_T_TA_b38,,ENSG00000132970.14,WASF3,10810,3.58073138724537e-10,0.350977122783661,107904
chr13,hsa04520,Adherens junction - Homo sapiens (human),Brain_Amygdala,chr13_26666671_A_G_b38,,ENSG00000132970.14,WASF3,10810,3.84315596829163e-10,0.349725961685181,108988
chr13,hsa04666,Fc gamma R-mediated phagocytosis - Homo sapiens (human),Brain_Amygdala,chr13_26666671_A_G_b38,,ENSG00000132970.14,WASF3,10810,3.84315596829163e-10,0.349725961685181,108988
chr13,hsa04520,Adherens junction - Homo sapiens (human),Brain_Amygdala,chr13_26669249_T_G_b38,,ENSG00000132970.14,WASF3,10810,7.17148723801484e-10,0.34698560833931,111566
chr13,hsa04666,Fc gamma R-mediated phagocytosis - Homo sapiens (human),Brain_Amygdala,chr13_26669249_T_G_b38,,ENSG00000132970.14,WASF3,10810,7.17148723801484e-10,0.34698560833931,111566
chr13,hsa04520,Adherens junction - Homo sapiens (human),Brain_Amygdala,chr13_26671329_A_G_b38,,ENSG00000132970.14,WASF3,10810,3.84315596829163e-10,0.349725961685181,113646
chr13,hsa04666,Fc gamma R-mediated phagocytosis - Homo sapiens (human),Brain_Amygdala,chr13_26671329_A_G_b38,,ENSG00000132970.14,WASF3,10810,3.84315596829163e-10,0.349725961685181,113646
chr13,hsa04520,Adherens junction - Homo sapiens (human),Brain_Amygdala,chr13_26672079_T_C_b38,,ENSG00000132970.14,WASF3,10810,3.58073138724537e-10,0.350977122783661,114396
chr13,hsa04666,Fc gamma R-mediated phagocytosis - Homo sapiens (human),Brain_Amygdala,chr13_26672079_T_C_b38,,ENSG00000132970.14,WASF3,10810,3.58073138724537e-10,0.350977122783661,114396
chr13,hsa04520,Adherens junction - Homo sapiens (human),Brain_Amygdala,chr13_26672124_A_G_b38,,ENSG00000132970.14,WASF3,10810,1.9662771432384e-10,0.355022519826889,114441
chr13,hsa04666,Fc gamma R-mediated phagocytosis - Homo sapiens (human),Brain_Amygdala,chr13_26672124_A_G_b38,,ENSG00000132970.14,WASF3,10810,1.9662771432384e-10,0.355022519826889,114441
chr13,hsa04520,Adherens junction - Homo sapiens (human),Brain_Amygdala,chr13_26675723_A_G_b38,,ENSG00000132970.14,WASF3,10810,3.5618513987886e-10,0.351933628320694,118040
chr13,hsa04666,Fc gamma R-mediated phagocytosis - Homo sapiens (human),Brain_Amygdala,chr13_26675723_A_G_b38,,ENSG00000132970.14,WASF3,10810,3.5618513987886e-10,0.351933628320694,118040
chr13,hsa04520,Adherens junction - Homo sapiens (human),Brain_Amygdala,chr13_26676808_A_G_b38,,ENSG00000132970.14,WASF3,10810,3.5618513987886e-10,0.351933628320694,119125
chr13,hsa04666,Fc gamma R-mediated phagocytosis - Homo sapiens (human),Brain_Amygdala,chr13_26676808_A_G_b38,,ENSG00000132970.14,WASF3,10810,3.5618513987886e-10,0.351933628320694,119125
chr13,hsa04520,Adherens junction - Homo sapiens (human),Brain_Amygdala,chr13_26677465_A_G_b38,,ENSG00000132970.14,WASF3,10810,3.5618513987886e-10,0.351933628320694,119782
chr13,hsa04666,Fc gamma R-mediated phagocytosis - Homo sapiens (human),Brain_Amygdala,chr13_26677465_A_G_b38,,ENSG00000132970.14,WASF3,10810,3.5618513987886e-10,0.351933628320694,119782
chr13,hsa04520,Adherens junction - Homo sapiens (human),Brain_Amygdala,chr13_26683551_T_C_b38,,ENSG00000132970.14,WASF3,10810,7.85386130972064e-10,0.346271961927414,125868
chr13,hsa04666,Fc gamma R-mediated phagocytosis - Homo sapiens (human),Brain_Amygdala,chr13_26683551_T_C_b38,,ENSG00000132970.14,WASF3,10810,7.85386130972064e-10,0.346271961927414,125868
chr13,hsa04520,Adherens junction - Homo sapiens (human),Brain_Amygdala,chr13_26684119_A_G_b38,,ENSG00000132970.14,WASF3,10810,7.17148723801484e-10,0.34698560833931,126436
chr13,hsa04666,Fc gamma R-mediated phagocytosis - Homo sapiens (human),Brain_Amygdala,chr13_26684119_A_G_b38,,ENSG00000132970.14,WASF3,10810,7.17148723801484e-10,0.34698560833931,126436
chr13,hsa04520,Adherens junction - Homo sapiens (human),Brain_Amygdala,chr13_26686777_G_A_b38,,ENSG00000132970.14,WASF3,10810,7.17148723801484e-10,0.34698560833931,129094
chr13,hsa04666,Fc gamma R-mediated phagocytosis - Homo sapiens (human),Brain_Amygdala,chr13_26686777_G_A_b38,,ENSG00000132970.14,WASF3,10810,7.17148723801484e-10,0.34698560833931,129094
chr13,hsa04520,Adherens junction - Homo sapiens (human),Brain_Amygdala,chr13_26690854_A_T_b38,,ENSG00000132970.14,WASF3,10810,1.31479113334306e-09,0.342424303293228,133171
chr13,hsa04666,Fc gamma R-mediated phagocytosis - Homo sapiens (human),Brain_Amygdala,chr13_26690854_A_T_b38,,ENSG00000132970.14,WASF3,10810,1.31479113334306e-09,0.342424303293228,133171
chr13,hsa04520,Adherens junction - Homo sapiens (human),Brain_Amygdala,chr13_26692162_CAT_C_b38,,ENSG00000132970.14,WASF3,10810,3.11719551195901e-10,0.351702064275742,134479
chr13,hsa04666,Fc gamma R-mediated phagocytosis - Homo sapiens (human),Brain_Amygdala,chr13_26692162_CAT_C_b38,,ENSG00000132970.14,WASF3,10810,3.11719551195901e-10,0.351702064275742,134479
chr13,hsa04520,Adherens junction - Homo sapiens (human),Brain_Amygdala,chr13_26692466_G_C_b38,,ENSG00000132970.14,WASF3,10810,7.17148723801484e-10,0.34698560833931,134783
chr13,hsa04666,Fc gamma R-mediated phagocytosis - Homo sapiens (human),Brain_Amygdala,chr13_26692466_G_C_b38,,ENSG00000132970.14,WASF3,10810,7.17148723801484e-10,0.34698560833931,134783
chr13,hsa04520,Adherens junction - Homo sapiens (human),Brain_Amygdala,chr13_26694193_G_A_b38,,ENSG00000132970.14,WASF3,10810,1.64190557420045e-10,0.354657709598541,136510
chr13,hsa04666,Fc gamma R-mediated phagocytosis - Homo sapiens (human),Brain_Amygdala,chr13_26694193_G_A_b38,,ENSG00000132970.14,WASF3,10810,1.64190557420045e-10,0.354657709598541,136510
chr13,hsa04520,Adherens junction - Homo sapiens (human),Brain_Amygdala,chr13_26694516_A_G_b38,,ENSG00000132970.14,WASF3,10810,2.67764292525421e-09,0.33537483215332,136833
chr13,hsa04666,Fc gamma R-mediated phagocytosis - Homo sapiens (human),Brain_Amygdala,chr13_26694516_A_G_b38,,ENSG00000132970.14,WASF3,10810,2.67764292525421e-09,0.33537483215332,136833
chr13,hsa00350,Tyrosine metabolism - Homo sapiens (human),Brain_Amygdala,chr13_94500913_G_A_b38,,ENSG00000080166.16,DCT,1638,1.00325168832683e-09,0.574869513511658,21231
chr13,hsa01100,Metabolic pathways - Homo sapiens (human),Brain_Amygdala,chr13_94500913_G_A_b38,,ENSG00000080166.16,DCT,1638,1.00325168832683e-09,0.574869513511658,21231
chr13,hsa04916,Melanogenesis - Homo sapiens (human),Brain_Amygdala,chr13_94500913_G_A_b38,,ENSG00000080166.16,DCT,1638,1.00325168832683e-09,0.574869513511658,21231
chr13,hsa00350,Tyrosine metabolism - Homo sapiens (human),Brain_Amygdala,chr13_94501878_T_C_b38,,ENSG00000080166.16,DCT,1638,1.31905809704309e-09,0.571528673171997,22196
chr13,hsa01100,Metabolic pathways - Homo sapiens (human),Brain_Amygdala,chr13_94501878_T_C_b38,,ENSG00000080166.16,DCT,1638,1.31905809704309e-09,0.571528673171997,22196
chr13,hsa04916,Melanogenesis - Homo sapiens (human),Brain_Amygdala,chr13_94501878_T_C_b38,,ENSG00000080166.16,DCT,1638,1.31905809704309e-09,0.571528673171997,22196
chr13,hsa00350,Tyrosine metabolism - Homo sapiens (human),Brain_Amygdala,chr13_94502359_A_G_b38,,ENSG00000080166.16,DCT,1638,1.31905809704309e-09,0.571528673171997,22677
chr13,hsa01100,Metabolic pathways - Homo sapiens (human),Brain_Amygdala,chr13_94502359_A_G_b38,,ENSG00000080166.16,DCT,1638,1.31905809704309e-09,0.571528673171997,22677
chr13,hsa04916,Melanogenesis - Homo sapiens (human),Brain_Amygdala,chr13_94502359_A_G_b38,,ENSG00000080166.16,DCT,1638,1.31905809704309e-09,0.571528673171997,22677
chr13,hsa00350,Tyrosine metabolism - Homo sapiens (human),Brain_Amygdala,chr13_94502542_A_G_b38,,ENSG00000080166.16,DCT,1638,1.31905809704309e-09,0.571528673171997,22860
chr13,hsa01100,Metabolic pathways - Homo sapiens (human),Brain_Amygdala,chr13_94502542_A_G_b38,,ENSG00000080166.16,DCT,1638,1.31905809704309e-09,0.571528673171997,22860
chr13,hsa04916,Melanogenesis - Homo sapiens (human),Brain_Amygdala,chr13_94502542_A_G_b38,,ENSG00000080166.16,DCT,1638,1.31905809704309e-09,0.571528673171997,22860
chr13,hsa00350,Tyrosine metabolism - Homo sapiens (human),Brain_Amygdala,chr13_94502828_T_C_b38,,ENSG00000080166.16,DCT,1638,1.31905809704309e-09,0.571528673171997,23146
chr13,hsa01100,Metabolic pathways - Homo sapiens (human),Brain_Amygdala,chr13_94502828_T_C_b38,,ENSG00000080166.16,DCT,1638,1.31905809704309e-09,0.571528673171997,23146
chr13,hsa04916,Melanogenesis - Homo sapiens (human),Brain_Amygdala,chr13_94502828_T_C_b38,,ENSG00000080166.16,DCT,1638,1.31905809704309e-09,0.571528673171997,23146
chr13,hsa00350,Tyrosine metabolism - Homo sapiens (human),Brain_Amygdala,chr13_94503686_A_C_b38,,ENSG00000080166.16,DCT,1638,7.90390683158695e-10,0.57910144329071,24004
chr13,hsa01100,Metabolic pathways - Homo sapiens (human),Brain_Amygdala,chr13_94503686_A_C_b38,,ENSG00000080166.16,DCT,1638,7.90390683158695e-10,0.57910144329071,24004
chr13,hsa04916,Melanogenesis - Homo sapiens (human),Brain_Amygdala,chr13_94503686_A_C_b38,,ENSG00000080166.16,DCT,1638,7.90390683158695e-10,0.57910144329071,24004
chr13,hsa00350,Tyrosine metabolism - Homo sapiens (human),Brain_Amygdala,chr13_94503843_C_T_b38,,ENSG00000080166.16,DCT,1638,7.90390683158695e-10,0.57910144329071,24161
chr13,hsa01100,Metabolic pathways - Homo sapiens (human),Brain_Amygdala,chr13_94503843_C_T_b38,,ENSG00000080166.16,DCT,1638,7.90390683158695e-10,0.57910144329071,24161
chr13,hsa04916,Melanogenesis - Homo sapiens (human),Brain_Amygdala,chr13_94503843_C_T_b38,,ENSG00000080166.16,DCT,1638,7.90390683158695e-10,0.57910144329071,24161
chr13,hsa00350,Tyrosine metabolism - Homo sapiens (human),Brain_Amygdala,chr13_94503944_G_T_b38,,ENSG00000080166.16,DCT,1638,7.90390683158695e-10,0.57910144329071,24262
chr13,hsa01100,Metabolic pathways - Homo sapiens (human),Brain_Amygdala,chr13_94503944_G_T_b38,,ENSG00000080166.16,DCT,1638,7.90390683158695e-10,0.57910144329071,24262
chr13,hsa04916,Melanogenesis - Homo sapiens (human),Brain_Amygdala,chr13_94503944_G_T_b38,,ENSG00000080166.16,DCT,1638,7.90390683158695e-10,0.57910144329071,24262
chr13,hsa00350,Tyrosine metabolism - Homo sapiens (human),Brain_Amygdala,chr13_94503984_A_G_b38,,ENSG00000080166.16,DCT,1638,7.90390683158695e-10,0.57910144329071,24302
chr13,hsa01100,Metabolic pathways - Homo sapiens (human),Brain_Amygdala,chr13_94503984_A_G_b38,,ENSG00000080166.16,DCT,1638,7.90390683158695e-10,0.57910144329071,24302
chr13,hsa04916,Melanogenesis - Homo sapiens (human),Brain_Amygdala,chr13_94503984_A_G_b38,,ENSG00000080166.16,DCT,1638,7.90390683158695e-10,0.57910144329071,24302
chr13,hsa00350,Tyrosine metabolism - Homo sapiens (human),Brain_Amygdala,chr13_94504664_T_C_b38,,ENSG00000080166.16,DCT,1638,7.90390683158695e-10,0.57910144329071,24982
chr13,hsa01100,Metabolic pathways - Homo sapiens (human),Brain_Amygdala,chr13_94504664_T_C_b38,,ENSG00000080166.16,DCT,1638,7.90390683158695e-10,0.57910144329071,24982
chr13,hsa04916,Melanogenesis - Homo sapiens (human),Brain_Amygdala,chr13_94504664_T_C_b38,,ENSG00000080166.16,DCT,1638,7.90390683158695e-10,0.57910144329071,24982
chr13,hsa00350,Tyrosine metabolism - Homo sapiens (human),Brain_Amygdala,chr13_94504687_G_A_b38,,ENSG00000080166.16,DCT,1638,7.90390683158695e-10,0.57910144329071,25005
chr13,hsa01100,Metabolic pathways - Homo sapiens (human),Brain_Amygdala,chr13_94504687_G_A_b38,,ENSG00000080166.16,DCT,1638,7.90390683158695e-10,0.57910144329071,25005
chr13,hsa04916,Melanogenesis - Homo sapiens (human),Brain_Amygdala,chr13_94504687_G_A_b38,,ENSG00000080166.16,DCT,1638,7.90390683158695e-10,0.57910144329071,25005
chr13,hsa00350,Tyrosine metabolism - Homo sapiens (human),Brain_Amygdala,chr13_94504720_G_A_b38,,ENSG00000080166.16,DCT,1638,1.27642909164841e-09,0.571599721908569,25038
chr13,hsa01100,Metabolic pathways - Homo sapiens (human),Brain_Amygdala,chr13_94504720_G_A_b38,,ENSG00000080166.16,DCT,1638,1.27642909164841e-09,0.571599721908569,25038
chr13,hsa04916,Melanogenesis - Homo sapiens (human),Brain_Amygdala,chr13_94504720_G_A_b38,,ENSG00000080166.16,DCT,1638,1.27642909164841e-09,0.571599721908569,25038
chr13,hsa00350,Tyrosine metabolism - Homo sapiens (human),Brain_Amygdala,chr13_94504913_C_T_b38,,ENSG00000080166.16,DCT,1638,7.90390683158695e-10,0.57910144329071,25231
chr13,hsa01100,Metabolic pathways - Homo sapiens (human),Brain_Amygdala,chr13_94504913_C_T_b38,,ENSG00000080166.16,DCT,1638,7.90390683158695e-10,0.57910144329071,25231
chr13,hsa04916,Melanogenesis - Homo sapiens (human),Brain_Amygdala,chr13_94504913_C_T_b38,,ENSG00000080166.16,DCT,1638,7.90390683158695e-10,0.57910144329071,25231
chr13,hsa00350,Tyrosine metabolism - Homo sapiens (human),Brain_Amygdala,chr13_94504954_T_C_b38,,ENSG00000080166.16,DCT,1638,7.90390683158695e-10,0.57910144329071,25272
chr13,hsa01100,Metabolic pathways - Homo sapiens (human),Brain_Amygdala,chr13_94504954_T_C_b38,,ENSG00000080166.16,DCT,1638,7.90390683158695e-10,0.57910144329071,25272
chr13,hsa04916,Melanogenesis - Homo sapiens (human),Brain_Amygdala,chr13_94504954_T_C_b38,,ENSG00000080166.16,DCT,1638,7.90390683158695e-10,0.57910144329071,25272
chr13,hsa00350,Tyrosine metabolism - Homo sapiens (human),Brain_Amygdala,chr13_94505028_A_G_b38,,ENSG00000080166.16,DCT,1638,7.90390683158695e-10,0.57910144329071,25346
chr13,hsa01100,Metabolic pathways - Homo sapiens (human),Brain_Amygdala,chr13_94505028_A_G_b38,,ENSG00000080166.16,DCT,1638,7.90390683158695e-10,0.57910144329071,25346
chr13,hsa04916,Melanogenesis - Homo sapiens (human),Brain_Amygdala,chr13_94505028_A_G_b38,,ENSG00000080166.16,DCT,1638,7.90390683158695e-10,0.57910144329071,25346
chr13,hsa00350,Tyrosine metabolism - Homo sapiens (human),Brain_Amygdala,chr13_94505090_T_G_b38,,ENSG00000080166.16,DCT,1638,7.90390683158695e-10,0.57910144329071,25408
chr13,hsa01100,Metabolic pathways - Homo sapiens (human),Brain_Amygdala,chr13_94505090_T_G_b38,,ENSG00000080166.16,DCT,1638,7.90390683158695e-10,0.57910144329071,25408
chr13,hsa04916,Melanogenesis - Homo sapiens (human),Brain_Amygdala,chr13_94505090_T_G_b38,,ENSG00000080166.16,DCT,1638,7.90390683158695e-10,0.57910144329071,25408
chr13,hsa00350,Tyrosine metabolism - Homo sapiens (human),Brain_Amygdala,chr13_94505468_C_T_b38,,ENSG00000080166.16,DCT,1638,7.90390683158695e-10,0.57910144329071,25786
chr13,hsa01100,Metabolic pathways - Homo sapiens (human),Brain_Amygdala,chr13_94505468_C_T_b38,,ENSG00000080166.16,DCT,1638,7.90390683158695e-10,0.57910144329071,25786
chr13,hsa04916,Melanogenesis - Homo sapiens (human),Brain_Amygdala,chr13_94505468_C_T_b38,,ENSG00000080166.16,DCT,1638,7.90390683158695e-10,0.57910144329071,25786
chr13,hsa00350,Tyrosine metabolism - Homo sapiens (human),Brain_Amygdala,chr13_94505535_C_G_b38,,ENSG00000080166.16,DCT,1638,7.90390683158695e-10,0.57910144329071,25853
chr13,hsa01100,Metabolic pathways - Homo sapiens (human),Brain_Amygdala,chr13_94505535_C_G_b38,,ENSG00000080166.16,DCT,1638,7.90390683158695e-10,0.57910144329071,25853
chr13,hsa04916,Melanogenesis - Homo sapiens (human),Brain_Amygdala,chr13_94505535_C_G_b38,,ENSG00000080166.16,DCT,1638,7.90390683158695e-10,0.57910144329071,25853
chr13,hsa00350,Tyrosine metabolism - Homo sapiens (human),Brain_Amygdala,chr13_94506125_A_G_b38,,ENSG00000080166.16,DCT,1638,7.90390683158695e-10,0.57910144329071,26443
chr13,hsa01100,Metabolic pathways - Homo sapiens (human),Brain_Amygdala,chr13_94506125_A_G_b38,,ENSG00000080166.16,DCT,1638,7.90390683158695e-10,0.57910144329071,26443
chr13,hsa04916,Melanogenesis - Homo sapiens (human),Brain_Amygdala,chr13_94506125_A_G_b38,,ENSG00000080166.16,DCT,1638,7.90390683158695e-10,0.57910144329071,26443
chr13,hsa00350,Tyrosine metabolism - Homo sapiens (human),Brain_Amygdala,chr13_94506264_C_T_b38,,ENSG00000080166.16,DCT,1638,7.90390683158695e-10,0.57910144329071,26582
chr13,hsa01100,Metabolic pathways - Homo sapiens (human),Brain_Amygdala,chr13_94506264_C_T_b38,,ENSG00000080166.16,DCT,1638,7.90390683158695e-10,0.57910144329071,26582
chr13,hsa04916,Melanogenesis - Homo sapiens (human),Brain_Amygdala,chr13_94506264_C_T_b38,,ENSG00000080166.16,DCT,1638,7.90390683158695e-10,0.57910144329071,26582
chr13,hsa00350,Tyrosine metabolism - Homo sapiens (human),Brain_Amygdala,chr13_94506604_G_T_b38,,ENSG00000080166.16,DCT,1638,7.90390683158695e-10,0.57910144329071,26922
chr13,hsa01100,Metabolic pathways - Homo sapiens (human),Brain_Amygdala,chr13_94506604_G_T_b38,,ENSG00000080166.16,DCT,1638,7.90390683158695e-10,0.57910144329071,26922
chr13,hsa04916,Melanogenesis - Homo sapiens (human),Brain_Amygdala,chr13_94506604_G_T_b38,,ENSG00000080166.16,DCT,1638,7.90390683158695e-10,0.57910144329071,26922
chr13,hsa00350,Tyrosine metabolism - Homo sapiens (human),Brain_Amygdala,chr13_94506641_G_A_b38,,ENSG00000080166.16,DCT,1638,7.90390683158695e-10,0.57910144329071,26959
chr13,hsa01100,Metabolic pathways - Homo sapiens (human),Brain_Amygdala,chr13_94506641_G_A_b38,,ENSG00000080166.16,DCT,1638,7.90390683158695e-10,0.57910144329071,26959
chr13,hsa04916,Melanogenesis - Homo sapiens (human),Brain_Amygdala,chr13_94506641_G_A_b38,,ENSG00000080166.16,DCT,1638,7.90390683158695e-10,0.57910144329071,26959
chr13,hsa00350,Tyrosine metabolism - Homo sapiens (human),Brain_Amygdala,chr13_94506865_C_T_b38,,ENSG00000080166.16,DCT,1638,7.90390683158695e-10,0.57910144329071,27183
chr13,hsa01100,Metabolic pathways - Homo sapiens (human),Brain_Amygdala,chr13_94506865_C_T_b38,,ENSG00000080166.16,DCT,1638,7.90390683158695e-10,0.57910144329071,27183
chr13,hsa04916,Melanogenesis - Homo sapiens (human),Brain_Amygdala,chr13_94506865_C_T_b38,,ENSG00000080166.16,DCT,1638,7.90390683158695e-10,0.57910144329071,27183
chr13,hsa00350,Tyrosine metabolism - Homo sapiens (human),Brain_Amygdala,chr13_94507075_G_A_b38,,ENSG00000080166.16,DCT,1638,7.90390683158695e-10,0.57910144329071,27393
chr13,hsa01100,Metabolic pathways - Homo sapiens (human),Brain_Amygdala,chr13_94507075_G_A_b38,,ENSG00000080166.16,DCT,1638,7.90390683158695e-10,0.57910144329071,27393
chr13,hsa04916,Melanogenesis - Homo sapiens (human),Brain_Amygdala,chr13_94507075_G_A_b38,,ENSG00000080166.16,DCT,1638,7.90390683158695e-10,0.57910144329071,27393
chr13,hsa00350,Tyrosine metabolism - Homo sapiens (human),Brain_Amygdala,chr13_94507140_A_G_b38,,ENSG00000080166.16,DCT,1638,7.90390683158695e-10,0.57910144329071,27458
chr13,hsa01100,Metabolic pathways - Homo sapiens (human),Brain_Amygdala,chr13_94507140_A_G_b38,,ENSG00000080166.16,DCT,1638,7.90390683158695e-10,0.57910144329071,27458
chr13,hsa04916,Melanogenesis - Homo sapiens (human),Brain_Amygdala,chr13_94507140_A_G_b38,,ENSG00000080166.16,DCT,1638,7.90390683158695e-10,0.57910144329071,27458
chr13,hsa00350,Tyrosine metabolism - Homo sapiens (human),Brain_Amygdala,chr13_94507178_G_A_b38,,ENSG00000080166.16,DCT,1638,7.90390683158695e-10,0.57910144329071,27496
chr13,hsa01100,Metabolic pathways - Homo sapiens (human),Brain_Amygdala,chr13_94507178_G_A_b38,,ENSG00000080166.16,DCT,1638,7.90390683158695e-10,0.57910144329071,27496
chr13,hsa04916,Melanogenesis - Homo sapiens (human),Brain_Amygdala,chr13_94507178_G_A_b38,,ENSG00000080166.16,DCT,1638,7.90390683158695e-10,0.57910144329071,27496
chr13,hsa00350,Tyrosine metabolism - Homo sapiens (human),Brain_Amygdala,chr13_94507746_T_C_b38,,ENSG00000080166.16,DCT,1638,7.90390683158695e-10,0.57910144329071,28064
chr13,hsa01100,Metabolic pathways - Homo sapiens (human),Brain_Amygdala,chr13_94507746_T_C_b38,,ENSG00000080166.16,DCT,1638,7.90390683158695e-10,0.57910144329071,28064
chr13,hsa04916,Melanogenesis - Homo sapiens (human),Brain_Amygdala,chr13_94507746_T_C_b38,,ENSG00000080166.16,DCT,1638,7.90390683158695e-10,0.57910144329071,28064
chr13,hsa00350,Tyrosine metabolism - Homo sapiens (human),Brain_Amygdala,chr13_94508240_A_C_b38,,ENSG00000080166.16,DCT,1638,7.90390683158695e-10,0.57910144329071,28558
chr13,hsa01100,Metabolic pathways - Homo sapiens (human),Brain_Amygdala,chr13_94508240_A_C_b38,,ENSG00000080166.16,DCT,1638,7.90390683158695e-10,0.57910144329071,28558
chr13,hsa04916,Melanogenesis - Homo sapiens (human),Brain_Amygdala,chr13_94508240_A_C_b38,,ENSG00000080166.16,DCT,1638,7.90390683158695e-10,0.57910144329071,28558
chr13,hsa00350,Tyrosine metabolism - Homo sapiens (human),Brain_Amygdala,chr13_94508507_A_G_b38,,ENSG00000080166.16,DCT,1638,7.90390683158695e-10,0.57910144329071,28825
chr13,hsa01100,Metabolic pathways - Homo sapiens (human),Brain_Amygdala,chr13_94508507_A_G_b38,,ENSG00000080166.16,DCT,1638,7.90390683158695e-10,0.57910144329071,28825
chr13,hsa04916,Melanogenesis - Homo sapiens (human),Brain_Amygdala,chr13_94508507_A_G_b38,,ENSG00000080166.16,DCT,1638,7.90390683158695e-10,0.57910144329071,28825
chr13,hsa00350,Tyrosine metabolism - Homo sapiens (human),Brain_Amygdala,chr13_94508667_T_C_b38,,ENSG00000080166.16,DCT,1638,7.90390683158695e-10,0.57910144329071,28985
chr13,hsa01100,Metabolic pathways - Homo sapiens (human),Brain_Amygdala,chr13_94508667_T_C_b38,,ENSG00000080166.16,DCT,1638,7.90390683158695e-10,0.57910144329071,28985
chr13,hsa04916,Melanogenesis - Homo sapiens (human),Brain_Amygdala,chr13_94508667_T_C_b38,,ENSG00000080166.16,DCT,1638,7.90390683158695e-10,0.57910144329071,28985
chr13,hsa00350,Tyrosine metabolism - Homo sapiens (human),Brain_Amygdala,chr13_94508668_G_A_b38,,ENSG00000080166.16,DCT,1638,7.90390683158695e-10,0.57910144329071,28986
chr13,hsa01100,Metabolic pathways - Homo sapiens (human),Brain_Amygdala,chr13_94508668_G_A_b38,,ENSG00000080166.16,DCT,1638,7.90390683158695e-10,0.57910144329071,28986
chr13,hsa04916,Melanogenesis - Homo sapiens (human),Brain_Amygdala,chr13_94508668_G_A_b38,,ENSG00000080166.16,DCT,1638,7.90390683158695e-10,0.57910144329071,28986
chr13,hsa00350,Tyrosine metabolism - Homo sapiens (human),Brain_Amygdala,chr13_94509236_T_C_b38,,ENSG00000080166.16,DCT,1638,7.90390683158695e-10,0.57910144329071,29554
chr13,hsa01100,Metabolic pathways - Homo sapiens (human),Brain_Amygdala,chr13_94509236_T_C_b38,,ENSG00000080166.16,DCT,1638,7.90390683158695e-10,0.57910144329071,29554
chr13,hsa04916,Melanogenesis - Homo sapiens (human),Brain_Amygdala,chr13_94509236_T_C_b38,,ENSG00000080166.16,DCT,1638,7.90390683158695e-10,0.57910144329071,29554
chr13,hsa00350,Tyrosine metabolism - Homo sapiens (human),Brain_Amygdala,chr13_94509395_C_T_b38,,ENSG00000080166.16,DCT,1638,7.90390683158695e-10,0.57910144329071,29713
chr13,hsa01100,Metabolic pathways - Homo sapiens (human),Brain_Amygdala,chr13_94509395_C_T_b38,,ENSG00000080166.16,DCT,1638,7.90390683158695e-10,0.57910144329071,29713
chr13,hsa04916,Melanogenesis - Homo sapiens (human),Brain_Amygdala,chr13_94509395_C_T_b38,,ENSG00000080166.16,DCT,1638,7.90390683158695e-10,0.57910144329071,29713
chr13,hsa00350,Tyrosine metabolism - Homo sapiens (human),Brain_Amygdala,chr13_94509416_T_C_b38,,ENSG00000080166.16,DCT,1638,7.90390683158695e-10,0.57910144329071,29734
chr13,hsa01100,Metabolic pathways - Homo sapiens (human),Brain_Amygdala,chr13_94509416_T_C_b38,,ENSG00000080166.16,DCT,1638,7.90390683158695e-10,0.57910144329071,29734
chr13,hsa04916,Melanogenesis - Homo sapiens (human),Brain_Amygdala,chr13_94509416_T_C_b38,,ENSG00000080166.16,DCT,1638,7.90390683158695e-10,0.57910144329071,29734
chr13,hsa00350,Tyrosine metabolism - Homo sapiens (human),Brain_Amygdala,chr13_94509460_A_C_b38,,ENSG00000080166.16,DCT,1638,7.90390683158695e-10,0.57910144329071,29778
chr13,hsa01100,Metabolic pathways - Homo sapiens (human),Brain_Amygdala,chr13_94509460_A_C_b38,,ENSG00000080166.16,DCT,1638,7.90390683158695e-10,0.57910144329071,29778
chr13,hsa04916,Melanogenesis - Homo sapiens (human),Brain_Amygdala,chr13_94509460_A_C_b38,,ENSG00000080166.16,DCT,1638,7.90390683158695e-10,0.57910144329071,29778
chr13,hsa00350,Tyrosine metabolism - Homo sapiens (human),Brain_Amygdala,chr13_94509702_A_C_b38,,ENSG00000080166.16,DCT,1638,7.90390683158695e-10,0.57910144329071,30020
chr13,hsa01100,Metabolic pathways - Homo sapiens (human),Brain_Amygdala,chr13_94509702_A_C_b38,,ENSG00000080166.16,DCT,1638,7.90390683158695e-10,0.57910144329071,30020
chr13,hsa04916,Melanogenesis - Homo sapiens (human),Brain_Amygdala,chr13_94509702_A_C_b38,,ENSG00000080166.16,DCT,1638,7.90390683158695e-10,0.57910144329071,30020
chr13,hsa00350,Tyrosine metabolism - Homo sapiens (human),Brain_Amygdala,chr13_94509743_A_G_b38,,ENSG00000080166.16,DCT,1638,7.90390683158695e-10,0.57910144329071,30061
chr13,hsa01100,Metabolic pathways - Homo sapiens (human),Brain_Amygdala,chr13_94509743_A_G_b38,,ENSG00000080166.16,DCT,1638,7.90390683158695e-10,0.57910144329071,30061
chr13,hsa04916,Melanogenesis - Homo sapiens (human),Brain_Amygdala,chr13_94509743_A_G_b38,,ENSG00000080166.16,DCT,1638,7.90390683158695e-10,0.57910144329071,30061
chr13,hsa00350,Tyrosine metabolism - Homo sapiens (human),Brain_Amygdala,chr13_94509882_A_G_b38,,ENSG00000080166.16,DCT,1638,7.90390683158695e-10,0.57910144329071,30200
chr13,hsa01100,Metabolic pathways - Homo sapiens (human),Brain_Amygdala,chr13_94509882_A_G_b38,,ENSG00000080166.16,DCT,1638,7.90390683158695e-10,0.57910144329071,30200
chr13,hsa04916,Melanogenesis - Homo sapiens (human),Brain_Amygdala,chr13_94509882_A_G_b38,,ENSG00000080166.16,DCT,1638,7.90390683158695e-10,0.57910144329071,30200
chr13,hsa00350,Tyrosine metabolism - Homo sapiens (human),Brain_Amygdala,chr13_94510124_T_G_b38,,ENSG00000080166.16,DCT,1638,7.90390683158695e-10,0.57910144329071,30442
chr13,hsa01100,Metabolic pathways - Homo sapiens (human),Brain_Amygdala,chr13_94510124_T_G_b38,,ENSG00000080166.16,DCT,1638,7.90390683158695e-10,0.57910144329071,30442
chr13,hsa04916,Melanogenesis - Homo sapiens (human),Brain_Amygdala,chr13_94510124_T_G_b38,,ENSG00000080166.16,DCT,1638,7.90390683158695e-10,0.57910144329071,30442
chr13,hsa00350,Tyrosine metabolism - Homo sapiens (human),Brain_Amygdala,chr13_94510211_T_C_b38,,ENSG00000080166.16,DCT,1638,7.90390683158695e-10,0.57910144329071,30529
chr13,hsa01100,Metabolic pathways - Homo sapiens (human),Brain_Amygdala,chr13_94510211_T_C_b38,,ENSG00000080166.16,DCT,1638,7.90390683158695e-10,0.57910144329071,30529
chr13,hsa04916,Melanogenesis - Homo sapiens (human),Brain_Amygdala,chr13_94510211_T_C_b38,,ENSG00000080166.16,DCT,1638,7.90390683158695e-10,0.57910144329071,30529
chr13,hsa00350,Tyrosine metabolism - Homo sapiens (human),Brain_Amygdala,chr13_94510414_TG_T_b38,,ENSG00000080166.16,DCT,1638,7.90390683158695e-10,0.57910144329071,30732
chr13,hsa01100,Metabolic pathways - Homo sapiens (human),Brain_Amygdala,chr13_94510414_TG_T_b38,,ENSG00000080166.16,DCT,1638,7.90390683158695e-10,0.57910144329071,30732
chr13,hsa04916,Melanogenesis - Homo sapiens (human),Brain_Amygdala,chr13_94510414_TG_T_b38,,ENSG00000080166.16,DCT,1638,7.90390683158695e-10,0.57910144329071,30732
chr13,hsa00350,Tyrosine metabolism - Homo sapiens (human),Brain_Amygdala,chr13_94510554_G_A_b38,,ENSG00000080166.16,DCT,1638,7.90390683158695e-10,0.57910144329071,30872
chr13,hsa01100,Metabolic pathways - Homo sapiens (human),Brain_Amygdala,chr13_94510554_G_A_b38,,ENSG00000080166.16,DCT,1638,7.90390683158695e-10,0.57910144329071,30872
chr13,hsa04916,Melanogenesis - Homo sapiens (human),Brain_Amygdala,chr13_94510554_G_A_b38,,ENSG00000080166.16,DCT,1638,7.90390683158695e-10,0.57910144329071,30872
chr13,hsa00350,Tyrosine metabolism - Homo sapiens (human),Brain_Amygdala,chr13_94510898_C_T_b38,,ENSG00000080166.16,DCT,1638,7.90390683158695e-10,0.57910144329071,31216
chr13,hsa01100,Metabolic pathways - Homo sapiens (human),Brain_Amygdala,chr13_94510898_C_T_b38,,ENSG00000080166.16,DCT,1638,7.90390683158695e-10,0.57910144329071,31216
chr13,hsa04916,Melanogenesis - Homo sapiens (human),Brain_Amygdala,chr13_94510898_C_T_b38,,ENSG00000080166.16,DCT,1638,7.90390683158695e-10,0.57910144329071,31216
chr13,hsa00350,Tyrosine metabolism - Homo sapiens (human),Brain_Amygdala,chr13_94511331_C_T_b38,,ENSG00000080166.16,DCT,1638,7.90390683158695e-10,0.57910144329071,31649
chr13,hsa01100,Metabolic pathways - Homo sapiens (human),Brain_Amygdala,chr13_94511331_C_T_b38,,ENSG00000080166.16,DCT,1638,7.90390683158695e-10,0.57910144329071,31649
chr13,hsa04916,Melanogenesis - Homo sapiens (human),Brain_Amygdala,chr13_94511331_C_T_b38,,ENSG00000080166.16,DCT,1638,7.90390683158695e-10,0.57910144329071,31649
chr13,hsa00350,Tyrosine metabolism - Homo sapiens (human),Brain_Amygdala,chr13_94514315_CG_C_b38,,ENSG00000080166.16,DCT,1638,8.38574277802533e-10,0.582038998603821,34633
chr13,hsa01100,Metabolic pathways - Homo sapiens (human),Brain_Amygdala,chr13_94514315_CG_C_b38,,ENSG00000080166.16,DCT,1638,8.38574277802533e-10,0.582038998603821,34633
chr13,hsa04916,Melanogenesis - Homo sapiens (human),Brain_Amygdala,chr13_94514315_CG_C_b38,,ENSG00000080166.16,DCT,1638,8.38574277802533e-10,0.582038998603821,34633
chr13,hsa00350,Tyrosine metabolism - Homo sapiens (human),Brain_Amygdala,chr13_94514407_A_G_b38,,ENSG00000080166.16,DCT,1638,8.38574277802533e-10,0.582038998603821,34725
chr13,hsa01100,Metabolic pathways - Homo sapiens (human),Brain_Amygdala,chr13_94514407_A_G_b38,,ENSG00000080166.16,DCT,1638,8.38574277802533e-10,0.582038998603821,34725
chr13,hsa04916,Melanogenesis - Homo sapiens (human),Brain_Amygdala,chr13_94514407_A_G_b38,,ENSG00000080166.16,DCT,1638,8.38574277802533e-10,0.582038998603821,34725
chr13,hsa00350,Tyrosine metabolism - Homo sapiens (human),Brain_Amygdala,chr13_94514720_G_A_b38,,ENSG00000080166.16,DCT,1638,8.38574277802533e-10,0.582038998603821,35038
chr13,hsa01100,Metabolic pathways - Homo sapiens (human),Brain_Amygdala,chr13_94514720_G_A_b38,,ENSG00000080166.16,DCT,1638,8.38574277802533e-10,0.582038998603821,35038
chr13,hsa04916,Melanogenesis - Homo sapiens (human),Brain_Amygdala,chr13_94514720_G_A_b38,,ENSG00000080166.16,DCT,1638,8.38574277802533e-10,0.582038998603821,35038
chr13,hsa00350,Tyrosine metabolism - Homo sapiens (human),Brain_Amygdala,chr13_94514967_G_A_b38,,ENSG00000080166.16,DCT,1638,8.38574277802533e-10,0.582038998603821,35285
chr13,hsa01100,Metabolic pathways - Homo sapiens (human),Brain_Amygdala,chr13_94514967_G_A_b38,,ENSG00000080166.16,DCT,1638,8.38574277802533e-10,0.582038998603821,35285
chr13,hsa04916,Melanogenesis - Homo sapiens (human),Brain_Amygdala,chr13_94514967_G_A_b38,,ENSG00000080166.16,DCT,1638,8.38574277802533e-10,0.582038998603821,35285
chr13,hsa00350,Tyrosine metabolism - Homo sapiens (human),Brain_Amygdala,chr13_94514999_G_A_b38,,ENSG00000080166.16,DCT,1638,7.80341412926767e-09,0.598734676837921,35317
chr13,hsa01100,Metabolic pathways - Homo sapiens (human),Brain_Amygdala,chr13_94514999_G_A_b38,,ENSG00000080166.16,DCT,1638,7.80341412926767e-09,0.598734676837921,35317
chr13,hsa04916,Melanogenesis - Homo sapiens (human),Brain_Amygdala,chr13_94514999_G_A_b38,,ENSG00000080166.16,DCT,1638,7.80341412926767e-09,0.598734676837921,35317
chr13,hsa00350,Tyrosine metabolism - Homo sapiens (human),Brain_Amygdala,chr13_94515050_A_G_b38,,ENSG00000080166.16,DCT,1638,8.38574277802533e-10,0.582038998603821,35368
chr13,hsa01100,Metabolic pathways - Homo sapiens (human),Brain_Amygdala,chr13_94515050_A_G_b38,,ENSG00000080166.16,DCT,1638,8.38574277802533e-10,0.582038998603821,35368
chr13,hsa04916,Melanogenesis - Homo sapiens (human),Brain_Amygdala,chr13_94515050_A_G_b38,,ENSG00000080166.16,DCT,1638,8.38574277802533e-10,0.582038998603821,35368
chr13,hsa00350,Tyrosine metabolism - Homo sapiens (human),Brain_Amygdala,chr13_94515413_T_G_b38,,ENSG00000080166.16,DCT,1638,1.1925617156362e-09,0.584451735019684,35731
chr13,hsa01100,Metabolic pathways - Homo sapiens (human),Brain_Amygdala,chr13_94515413_T_G_b38,,ENSG00000080166.16,DCT,1638,1.1925617156362e-09,0.584451735019684,35731
chr13,hsa04916,Melanogenesis - Homo sapiens (human),Brain_Amygdala,chr13_94515413_T_G_b38,,ENSG00000080166.16,DCT,1638,1.1925617156362e-09,0.584451735019684,35731
chr13,hsa00350,Tyrosine metabolism - Homo sapiens (human),Brain_Amygdala,chr13_94515474_A_C_b38,,ENSG00000080166.16,DCT,1638,1.1925617156362e-09,0.584451735019684,35792
chr13,hsa01100,Metabolic pathways - Homo sapiens (human),Brain_Amygdala,chr13_94515474_A_C_b38,,ENSG00000080166.16,DCT,1638,1.1925617156362e-09,0.584451735019684,35792
chr13,hsa04916,Melanogenesis - Homo sapiens (human),Brain_Amygdala,chr13_94515474_A_C_b38,,ENSG00000080166.16,DCT,1638,1.1925617156362e-09,0.584451735019684,35792
chr13,hsa00350,Tyrosine metabolism - Homo sapiens (human),Brain_Amygdala,chr13_94515475_C_T_b38,,ENSG00000080166.16,DCT,1638,1.1925617156362e-09,0.584451735019684,35793
chr13,hsa01100,Metabolic pathways - Homo sapiens (human),Brain_Amygdala,chr13_94515475_C_T_b38,,ENSG00000080166.16,DCT,1638,1.1925617156362e-09,0.584451735019684,35793
chr13,hsa04916,Melanogenesis - Homo sapiens (human),Brain_Amygdala,chr13_94515475_C_T_b38,,ENSG00000080166.16,DCT,1638,1.1925617156362e-09,0.584451735019684,35793
chr13,hsa00350,Tyrosine metabolism - Homo sapiens (human),Brain_Amygdala,chr13_94515776_G_A_b38,,ENSG00000080166.16,DCT,1638,1.1925617156362e-09,0.584451735019684,36094
chr13,hsa01100,Metabolic pathways - Homo sapiens (human),Brain_Amygdala,chr13_94515776_G_A_b38,,ENSG00000080166.16,DCT,1638,1.1925617156362e-09,0.584451735019684,36094
chr13,hsa04916,Melanogenesis - Homo sapiens (human),Brain_Amygdala,chr13_94515776_G_A_b38,,ENSG00000080166.16,DCT,1638,1.1925617156362e-09,0.584451735019684,36094
chr13,hsa00350,Tyrosine metabolism - Homo sapiens (human),Brain_Amygdala,chr13_94516031_A_AGCTTCTTGATGCT_b38,,ENSG00000080166.16,DCT,1638,1.1925617156362e-09,0.584451735019684,36349
chr13,hsa01100,Metabolic pathways - Homo sapiens (human),Brain_Amygdala,chr13_94516031_A_AGCTTCTTGATGCT_b38,,ENSG00000080166.16,DCT,1638,1.1925617156362e-09,0.584451735019684,36349
chr13,hsa04916,Melanogenesis - Homo sapiens (human),Brain_Amygdala,chr13_94516031_A_AGCTTCTTGATGCT_b38,,ENSG00000080166.16,DCT,1638,1.1925617156362e-09,0.584451735019684,36349
chr13,hsa00350,Tyrosine metabolism - Homo sapiens (human),Brain_Amygdala,chr13_94516219_T_G_b38,,ENSG00000080166.16,DCT,1638,1.1925617156362e-09,0.584451735019684,36537
chr13,hsa01100,Metabolic pathways - Homo sapiens (human),Brain_Amygdala,chr13_94516219_T_G_b38,,ENSG00000080166.16,DCT,1638,1.1925617156362e-09,0.584451735019684,36537
chr13,hsa04916,Melanogenesis - Homo sapiens (human),Brain_Amygdala,chr13_94516219_T_G_b38,,ENSG00000080166.16,DCT,1638,1.1925617156362e-09,0.584451735019684,36537
chr13,hsa00350,Tyrosine metabolism - Homo sapiens (human),Brain_Amygdala,chr13_94516341_T_C_b38,,ENSG00000080166.16,DCT,1638,1.1925617156362e-09,0.584451735019684,36659
chr13,hsa01100,Metabolic pathways - Homo sapiens (human),Brain_Amygdala,chr13_94516341_T_C_b38,,ENSG00000080166.16,DCT,1638,1.1925617156362e-09,0.584451735019684,36659
chr13,hsa04916,Melanogenesis - Homo sapiens (human),Brain_Amygdala,chr13_94516341_T_C_b38,,ENSG00000080166.16,DCT,1638,1.1925617156362e-09,0.584451735019684,36659
chr13,hsa00350,Tyrosine metabolism - Homo sapiens (human),Brain_Amygdala,chr13_94516442_C_T_b38,,ENSG00000080166.16,DCT,1638,1.1925617156362e-09,0.584451735019684,36760
chr13,hsa01100,Metabolic pathways - Homo sapiens (human),Brain_Amygdala,chr13_94516442_C_T_b38,,ENSG00000080166.16,DCT,1638,1.1925617156362e-09,0.584451735019684,36760
chr13,hsa04916,Melanogenesis - Homo sapiens (human),Brain_Amygdala,chr13_94516442_C_T_b38,,ENSG00000080166.16,DCT,1638,1.1925617156362e-09,0.584451735019684,36760
chr13,hsa00350,Tyrosine metabolism - Homo sapiens (human),Brain_Amygdala,chr13_94516739_T_C_b38,,ENSG00000080166.16,DCT,1638,1.1925617156362e-09,0.584451735019684,37057
chr13,hsa01100,Metabolic pathways - Homo sapiens (human),Brain_Amygdala,chr13_94516739_T_C_b38,,ENSG00000080166.16,DCT,1638,1.1925617156362e-09,0.584451735019684,37057
chr13,hsa04916,Melanogenesis - Homo sapiens (human),Brain_Amygdala,chr13_94516739_T_C_b38,,ENSG00000080166.16,DCT,1638,1.1925617156362e-09,0.584451735019684,37057
chr13,hsa00350,Tyrosine metabolism - Homo sapiens (human),Brain_Amygdala,chr13_94516806_CT_C_b38,,ENSG00000080166.16,DCT,1638,1.1925617156362e-09,0.584451735019684,37124
chr13,hsa01100,Metabolic pathways - Homo sapiens (human),Brain_Amygdala,chr13_94516806_CT_C_b38,,ENSG00000080166.16,DCT,1638,1.1925617156362e-09,0.584451735019684,37124
chr13,hsa04916,Melanogenesis - Homo sapiens (human),Brain_Amygdala,chr13_94516806_CT_C_b38,,ENSG00000080166.16,DCT,1638,1.1925617156362e-09,0.584451735019684,37124
chr13,hsa00350,Tyrosine metabolism - Homo sapiens (human),Brain_Amygdala,chr13_94516865_A_C_b38,,ENSG00000080166.16,DCT,1638,1.1925617156362e-09,0.584451735019684,37183
chr13,hsa01100,Metabolic pathways - Homo sapiens (human),Brain_Amygdala,chr13_94516865_A_C_b38,,ENSG00000080166.16,DCT,1638,1.1925617156362e-09,0.584451735019684,37183
chr13,hsa04916,Melanogenesis - Homo sapiens (human),Brain_Amygdala,chr13_94516865_A_C_b38,,ENSG00000080166.16,DCT,1638,1.1925617156362e-09,0.584451735019684,37183
chr13,hsa00350,Tyrosine metabolism - Homo sapiens (human),Brain_Amygdala,chr13_94516913_G_A_b38,,ENSG00000080166.16,DCT,1638,1.1925617156362e-09,0.584451735019684,37231
chr13,hsa01100,Metabolic pathways - Homo sapiens (human),Brain_Amygdala,chr13_94516913_G_A_b38,,ENSG00000080166.16,DCT,1638,1.1925617156362e-09,0.584451735019684,37231
chr13,hsa04916,Melanogenesis - Homo sapiens (human),Brain_Amygdala,chr13_94516913_G_A_b38,,ENSG00000080166.16,DCT,1638,1.1925617156362e-09,0.584451735019684,37231
chr13,hsa00350,Tyrosine metabolism - Homo sapiens (human),Brain_Amygdala,chr13_94516982_A_C_b38,,ENSG00000080166.16,DCT,1638,1.1925617156362e-09,0.584451735019684,37300
chr13,hsa01100,Metabolic pathways - Homo sapiens (human),Brain_Amygdala,chr13_94516982_A_C_b38,,ENSG00000080166.16,DCT,1638,1.1925617156362e-09,0.584451735019684,37300
chr13,hsa04916,Melanogenesis - Homo sapiens (human),Brain_Amygdala,chr13_94516982_A_C_b38,,ENSG00000080166.16,DCT,1638,1.1925617156362e-09,0.584451735019684,37300
chr13,hsa00350,Tyrosine metabolism - Homo sapiens (human),Brain_Amygdala,chr13_94517481_C_A_b38,,ENSG00000080166.16,DCT,1638,1.1925617156362e-09,0.584451735019684,37799
chr13,hsa01100,Metabolic pathways - Homo sapiens (human),Brain_Amygdala,chr13_94517481_C_A_b38,,ENSG00000080166.16,DCT,1638,1.1925617156362e-09,0.584451735019684,37799
chr13,hsa04916,Melanogenesis - Homo sapiens (human),Brain_Amygdala,chr13_94517481_C_A_b38,,ENSG00000080166.16,DCT,1638,1.1925617156362e-09,0.584451735019684,37799
chr13,hsa00350,Tyrosine metabolism - Homo sapiens (human),Brain_Amygdala,chr13_94517845_T_A_b38,,ENSG00000080166.16,DCT,1638,1.1925617156362e-09,0.584451735019684,38163
chr13,hsa01100,Metabolic pathways - Homo sapiens (human),Brain_Amygdala,chr13_94517845_T_A_b38,,ENSG00000080166.16,DCT,1638,1.1925617156362e-09,0.584451735019684,38163
chr13,hsa04916,Melanogenesis - Homo sapiens (human),Brain_Amygdala,chr13_94517845_T_A_b38,,ENSG00000080166.16,DCT,1638,1.1925617156362e-09,0.584451735019684,38163
chr13,hsa00350,Tyrosine metabolism - Homo sapiens (human),Brain_Amygdala,chr13_94518435_T_C_b38,,ENSG00000080166.16,DCT,1638,1.1925617156362e-09,0.584451735019684,38753
chr13,hsa01100,Metabolic pathways - Homo sapiens (human),Brain_Amygdala,chr13_94518435_T_C_b38,,ENSG00000080166.16,DCT,1638,1.1925617156362e-09,0.584451735019684,38753
chr13,hsa04916,Melanogenesis - Homo sapiens (human),Brain_Amygdala,chr13_94518435_T_C_b38,,ENSG00000080166.16,DCT,1638,1.1925617156362e-09,0.584451735019684,38753
chr13,hsa00350,Tyrosine metabolism - Homo sapiens (human),Brain_Amygdala,chr13_94518804_G_C_b38,,ENSG00000080166.16,DCT,1638,1.1925617156362e-09,0.584451735019684,39122
chr13,hsa01100,Metabolic pathways - Homo sapiens (human),Brain_Amygdala,chr13_94518804_G_C_b38,,ENSG00000080166.16,DCT,1638,1.1925617156362e-09,0.584451735019684,39122
chr13,hsa04916,Melanogenesis - Homo sapiens (human),Brain_Amygdala,chr13_94518804_G_C_b38,,ENSG00000080166.16,DCT,1638,1.1925617156362e-09,0.584451735019684,39122
chr13,hsa00350,Tyrosine metabolism - Homo sapiens (human),Brain_Amygdala,chr13_94519732_G_A_b38,,ENSG00000080166.16,DCT,1638,7.80341412926767e-09,0.598734676837921,40050
chr13,hsa01100,Metabolic pathways - Homo sapiens (human),Brain_Amygdala,chr13_94519732_G_A_b38,,ENSG00000080166.16,DCT,1638,7.80341412926767e-09,0.598734676837921,40050
chr13,hsa04916,Melanogenesis - Homo sapiens (human),Brain_Amygdala,chr13_94519732_G_A_b38,,ENSG00000080166.16,DCT,1638,7.80341412926767e-09,0.598734676837921,40050
chr13,hsa00350,Tyrosine metabolism - Homo sapiens (human),Brain_Amygdala,chr13_94522224_A_C_b38,,ENSG00000080166.16,DCT,1638,7.80341412926767e-09,0.598734676837921,42542
chr13,hsa01100,Metabolic pathways - Homo sapiens (human),Brain_Amygdala,chr13_94522224_A_C_b38,,ENSG00000080166.16,DCT,1638,7.80341412926767e-09,0.598734676837921,42542
chr13,hsa04916,Melanogenesis - Homo sapiens (human),Brain_Amygdala,chr13_94522224_A_C_b38,,ENSG00000080166.16,DCT,1638,7.80341412926767e-09,0.598734676837921,42542
chr13,hsa00350,Tyrosine metabolism - Homo sapiens (human),Brain_Amygdala,chr13_94523688_A_C_b38,,ENSG00000080166.16,DCT,1638,7.80341412926767e-09,0.598734676837921,44006
chr13,hsa01100,Metabolic pathways - Homo sapiens (human),Brain_Amygdala,chr13_94523688_A_C_b38,,ENSG00000080166.16,DCT,1638,7.80341412926767e-09,0.598734676837921,44006
chr13,hsa04916,Melanogenesis - Homo sapiens (human),Brain_Amygdala,chr13_94523688_A_C_b38,,ENSG00000080166.16,DCT,1638,7.80341412926767e-09,0.598734676837921,44006
chr13,hsa00350,Tyrosine metabolism - Homo sapiens (human),Brain_Amygdala,chr13_94530714_CT_C_b38,,ENSG00000080166.16,DCT,1638,7.80341412926767e-09,0.598734676837921,51032
chr13,hsa01100,Metabolic pathways - Homo sapiens (human),Brain_Amygdala,chr13_94530714_CT_C_b38,,ENSG00000080166.16,DCT,1638,7.80341412926767e-09,0.598734676837921,51032
chr13,hsa04916,Melanogenesis - Homo sapiens (human),Brain_Amygdala,chr13_94530714_CT_C_b38,,ENSG00000080166.16,DCT,1638,7.80341412926767e-09,0.598734676837921,51032
chr13,hsa00350,Tyrosine metabolism - Homo sapiens (human),Brain_Amygdala,chr13_94534561_G_A_b38,,ENSG00000080166.16,DCT,1638,7.80341412926767e-09,0.598734676837921,54879
chr13,hsa01100,Metabolic pathways - Homo sapiens (human),Brain_Amygdala,chr13_94534561_G_A_b38,,ENSG00000080166.16,DCT,1638,7.80341412926767e-09,0.598734676837921,54879
chr13,hsa04916,Melanogenesis - Homo sapiens (human),Brain_Amygdala,chr13_94534561_G_A_b38,,ENSG00000080166.16,DCT,1638,7.80341412926767e-09,0.598734676837921,54879
chr13,hsa00350,Tyrosine metabolism - Homo sapiens (human),Brain_Amygdala,chr13_94536072_C_T_b38,,ENSG00000080166.16,DCT,1638,2.96344865394476e-09,0.605443060398102,56390
chr13,hsa01100,Metabolic pathways - Homo sapiens (human),Brain_Amygdala,chr13_94536072_C_T_b38,,ENSG00000080166.16,DCT,1638,2.96344865394476e-09,0.605443060398102,56390
chr13,hsa04916,Melanogenesis - Homo sapiens (human),Brain_Amygdala,chr13_94536072_C_T_b38,,ENSG00000080166.16,DCT,1638,2.96344865394476e-09,0.605443060398102,56390
chr13,hsa00350,Tyrosine metabolism - Homo sapiens (human),Brain_Amygdala,chr13_94538123_A_G_b38,,ENSG00000080166.16,DCT,1638,4.72853903815631e-08,0.492087572813034,58441
chr13,hsa01100,Metabolic pathways - Homo sapiens (human),Brain_Amygdala,chr13_94538123_A_G_b38,,ENSG00000080166.16,DCT,1638,4.72853903815631e-08,0.492087572813034,58441
chr13,hsa04916,Melanogenesis - Homo sapiens (human),Brain_Amygdala,chr13_94538123_A_G_b38,,ENSG00000080166.16,DCT,1638,4.72853903815631e-08,0.492087572813034,58441
chr13,hsa00350,Tyrosine metabolism - Homo sapiens (human),Brain_Amygdala,chr13_94539077_T_C_b38,,ENSG00000080166.16,DCT,1638,4.72853903815631e-08,0.492087572813034,59395
chr13,hsa01100,Metabolic pathways - Homo sapiens (human),Brain_Amygdala,chr13_94539077_T_C_b38,,ENSG00000080166.16,DCT,1638,4.72853903815631e-08,0.492087572813034,59395
chr13,hsa04916,Melanogenesis - Homo sapiens (human),Brain_Amygdala,chr13_94539077_T_C_b38,,ENSG00000080166.16,DCT,1638,4.72853903815631e-08,0.492087572813034,59395
chr13,hsa00350,Tyrosine metabolism - Homo sapiens (human),Brain_Amygdala,chr13_94540435_G_A_b38,,ENSG00000080166.16,DCT,1638,2.96344865394476e-09,0.605443060398102,60753
chr13,hsa01100,Metabolic pathways - Homo sapiens (human),Brain_Amygdala,chr13_94540435_G_A_b38,,ENSG00000080166.16,DCT,1638,2.96344865394476e-09,0.605443060398102,60753
chr13,hsa04916,Melanogenesis - Homo sapiens (human),Brain_Amygdala,chr13_94540435_G_A_b38,,ENSG00000080166.16,DCT,1638,2.96344865394476e-09,0.605443060398102,60753
chr13,hsa00350,Tyrosine metabolism - Homo sapiens (human),Brain_Amygdala,chr13_94540510_A_G_b38,,ENSG00000080166.16,DCT,1638,2.96344865394476e-09,0.605443060398102,60828
chr13,hsa01100,Metabolic pathways - Homo sapiens (human),Brain_Amygdala,chr13_94540510_A_G_b38,,ENSG00000080166.16,DCT,1638,2.96344865394476e-09,0.605443060398102,60828
chr13,hsa04916,Melanogenesis - Homo sapiens (human),Brain_Amygdala,chr13_94540510_A_G_b38,,ENSG00000080166.16,DCT,1638,2.96344865394476e-09,0.605443060398102,60828
chr13,hsa00350,Tyrosine metabolism - Homo sapiens (human),Brain_Amygdala,chr13_94541568_T_A_b38,,ENSG00000080166.16,DCT,1638,2.96344865394476e-09,0.605443060398102,61886
chr13,hsa01100,Metabolic pathways - Homo sapiens (human),Brain_Amygdala,chr13_94541568_T_A_b38,,ENSG00000080166.16,DCT,1638,2.96344865394476e-09,0.605443060398102,61886
chr13,hsa04916,Melanogenesis - Homo sapiens (human),Brain_Amygdala,chr13_94541568_T_A_b38,,ENSG00000080166.16,DCT,1638,2.96344865394476e-09,0.605443060398102,61886
chr13,hsa00350,Tyrosine metabolism - Homo sapiens (human),Brain_Amygdala,chr13_94544305_C_T_b38,,ENSG00000080166.16,DCT,1638,4.72853903815631e-08,0.492087572813034,64623
chr13,hsa01100,Metabolic pathways - Homo sapiens (human),Brain_Amygdala,chr13_94544305_C_T_b38,,ENSG00000080166.16,DCT,1638,4.72853903815631e-08,0.492087572813034,64623
chr13,hsa04916,Melanogenesis - Homo sapiens (human),Brain_Amygdala,chr13_94544305_C_T_b38,,ENSG00000080166.16,DCT,1638,4.72853903815631e-08,0.492087572813034,64623
chr13,hsa00350,Tyrosine metabolism - Homo sapiens (human),Brain_Amygdala,chr13_94544362_C_T_b38,,ENSG00000080166.16,DCT,1638,4.72853903815631e-08,0.492087572813034,64680
chr13,hsa01100,Metabolic pathways - Homo sapiens (human),Brain_Amygdala,chr13_94544362_C_T_b38,,ENSG00000080166.16,DCT,1638,4.72853903815631e-08,0.492087572813034,64680
chr13,hsa04916,Melanogenesis - Homo sapiens (human),Brain_Amygdala,chr13_94544362_C_T_b38,,ENSG00000080166.16,DCT,1638,4.72853903815631e-08,0.492087572813034,64680
chr13,hsa00350,Tyrosine metabolism - Homo sapiens (human),Brain_Amygdala,chr13_94544929_A_G_b38,,ENSG00000080166.16,DCT,1638,3.5481791077602e-10,0.633526623249054,65247
chr13,hsa01100,Metabolic pathways - Homo sapiens (human),Brain_Amygdala,chr13_94544929_A_G_b38,,ENSG00000080166.16,DCT,1638,3.5481791077602e-10,0.633526623249054,65247
chr13,hsa04916,Melanogenesis - Homo sapiens (human),Brain_Amygdala,chr13_94544929_A_G_b38,,ENSG00000080166.16,DCT,1638,3.5481791077602e-10,0.633526623249054,65247
chr13,hsa00350,Tyrosine metabolism - Homo sapiens (human),Brain_Amygdala,chr13_94546088_G_A_b38,,ENSG00000080166.16,DCT,1638,3.5481791077602e-10,0.633526623249054,66406
chr13,hsa01100,Metabolic pathways - Homo sapiens (human),Brain_Amygdala,chr13_94546088_G_A_b38,,ENSG00000080166.16,DCT,1638,3.5481791077602e-10,0.633526623249054,66406
chr13,hsa04916,Melanogenesis - Homo sapiens (human),Brain_Amygdala,chr13_94546088_G_A_b38,,ENSG00000080166.16,DCT,1638,3.5481791077602e-10,0.633526623249054,66406
chr13,hsa00350,Tyrosine metabolism - Homo sapiens (human),Brain_Amygdala,chr13_94546956_C_T_b38,,ENSG00000080166.16,DCT,1638,3.28193092770791e-09,0.590535581111908,67274
chr13,hsa01100,Metabolic pathways - Homo sapiens (human),Brain_Amygdala,chr13_94546956_C_T_b38,,ENSG00000080166.16,DCT,1638,3.28193092770791e-09,0.590535581111908,67274
chr13,hsa04916,Melanogenesis - Homo sapiens (human),Brain_Amygdala,chr13_94546956_C_T_b38,,ENSG00000080166.16,DCT,1638,3.28193092770791e-09,0.590535581111908,67274
chr13,hsa00350,Tyrosine metabolism - Homo sapiens (human),Brain_Amygdala,chr13_94551023_C_T_b38,,ENSG00000080166.16,DCT,1638,1.31111473519186e-10,0.577416002750397,71341
chr13,hsa01100,Metabolic pathways - Homo sapiens (human),Brain_Amygdala,chr13_94551023_C_T_b38,,ENSG00000080166.16,DCT,1638,1.31111473519186e-10,0.577416002750397,71341
chr13,hsa04916,Melanogenesis - Homo sapiens (human),Brain_Amygdala,chr13_94551023_C_T_b38,,ENSG00000080166.16,DCT,1638,1.31111473519186e-10,0.577416002750397,71341
chr13,hsa00350,Tyrosine metabolism - Homo sapiens (human),Brain_Amygdala,chr13_94552304_T_G_b38,,ENSG00000080166.16,DCT,1638,3.17367365182245e-08,0.56419038772583,72622
chr13,hsa01100,Metabolic pathways - Homo sapiens (human),Brain_Amygdala,chr13_94552304_T_G_b38,,ENSG00000080166.16,DCT,1638,3.17367365182245e-08,0.56419038772583,72622
chr13,hsa04916,Melanogenesis - Homo sapiens (human),Brain_Amygdala,chr13_94552304_T_G_b38,,ENSG00000080166.16,DCT,1638,3.17367365182245e-08,0.56419038772583,72622
chr13,hsa04060,Cytokine-cytokine receptor interaction - Homo sapiens (human),Brain_Amygdala,chr13_28018990_G_A_b38,,ENSG00000122025.15,FLT3,2322,5.81159208160391e-09,0.604374468326569,-81602
chr13,hsa04640,Hematopoietic cell lineage - Homo sapiens (human),Brain_Amygdala,chr13_28018990_G_A_b38,,ENSG00000122025.15,FLT3,2322,5.81159208160391e-09,0.604374468326569,-81602
chr13,hsa05200,Pathways in cancer - Homo sapiens (human),Brain_Amygdala,chr13_28018990_G_A_b38,,ENSG00000122025.15,FLT3,2322,5.81159208160391e-09,0.604374468326569,-81602
chr13,hsa05221,Acute myeloid leukemia - Homo sapiens (human),Brain_Amygdala,chr13_28018990_G_A_b38,,ENSG00000122025.15,FLT3,2322,5.81159208160391e-09,0.604374468326569,-81602
chr13,hsa04060,Cytokine-cytokine receptor interaction - Homo sapiens (human),Brain_Amygdala,chr13_28019650_T_C_b38,,ENSG00000122025.15,FLT3,2322,2.30339835839508e-09,0.53882098197937,-80942
chr13,hsa04640,Hematopoietic cell lineage - Homo sapiens (human),Brain_Amygdala,chr13_28019650_T_C_b38,,ENSG00000122025.15,FLT3,2322,2.30339835839508e-09,0.53882098197937,-80942
chr13,hsa05200,Pathways in cancer - Homo sapiens (human),Brain_Amygdala,chr13_28019650_T_C_b38,,ENSG00000122025.15,FLT3,2322,2.30339835839508e-09,0.53882098197937,-80942
chr13,hsa05221,Acute myeloid leukemia - Homo sapiens (human),Brain_Amygdala,chr13_28019650_T_C_b38,,ENSG00000122025.15,FLT3,2322,2.30339835839508e-09,0.53882098197937,-80942
chr13,hsa04060,Cytokine-cytokine receptor interaction - Homo sapiens (human),Brain_Amygdala,chr13_28020665_T_C_b38,,ENSG00000122025.15,FLT3,2322,6.35988262572521e-09,0.525836229324341,-79927
chr13,hsa04640,Hematopoietic cell lineage - Homo sapiens (human),Brain_Amygdala,chr13_28020665_T_C_b38,,ENSG00000122025.15,FLT3,2322,6.35988262572521e-09,0.525836229324341,-79927
chr13,hsa05200,Pathways in cancer - Homo sapiens (human),Brain_Amygdala,chr13_28020665_T_C_b38,,ENSG00000122025.15,FLT3,2322,6.35988262572521e-09,0.525836229324341,-79927
chr13,hsa05221,Acute myeloid leukemia - Homo sapiens (human),Brain_Amygdala,chr13_28020665_T_C_b38,,ENSG00000122025.15,FLT3,2322,6.35988262572521e-09,0.525836229324341,-79927
chr13,hsa04060,Cytokine-cytokine receptor interaction - Homo sapiens (human),Brain_Amygdala,chr13_28023050_C_T_b38,,ENSG00000122025.15,FLT3,2322,1.38840840683186e-08,0.552460670471191,-77542
chr13,hsa04640,Hematopoietic cell lineage - Homo sapiens (human),Brain_Amygdala,chr13_28023050_C_T_b38,,ENSG00000122025.15,FLT3,2322,1.38840840683186e-08,0.552460670471191,-77542
chr13,hsa05200,Pathways in cancer - Homo sapiens (human),Brain_Amygdala,chr13_28023050_C_T_b38,,ENSG00000122025.15,FLT3,2322,1.38840840683186e-08,0.552460670471191,-77542
chr13,hsa05221,Acute myeloid leukemia - Homo sapiens (human),Brain_Amygdala,chr13_28023050_C_T_b38,,ENSG00000122025.15,FLT3,2322,1.38840840683186e-08,0.552460670471191,-77542
chr13,hsa04060,Cytokine-cytokine receptor interaction - Homo sapiens (human),Brain_Amygdala,chr13_28024688_T_C_b38,,ENSG00000122025.15,FLT3,2322,4.87492092385969e-08,0.531164586544037,-75904
chr13,hsa04640,Hematopoietic cell lineage - Homo sapiens (human),Brain_Amygdala,chr13_28024688_T_C_b38,,ENSG00000122025.15,FLT3,2322,4.87492092385969e-08,0.531164586544037,-75904
chr13,hsa05200,Pathways in cancer - Homo sapiens (human),Brain_Amygdala,chr13_28024688_T_C_b38,,ENSG00000122025.15,FLT3,2322,4.87492092385969e-08,0.531164586544037,-75904
chr13,hsa05221,Acute myeloid leukemia - Homo sapiens (human),Brain_Amygdala,chr13_28024688_T_C_b38,,ENSG00000122025.15,FLT3,2322,4.87492092385969e-08,0.531164586544037,-75904
chr13,hsa04060,Cytokine-cytokine receptor interaction - Homo sapiens (human),Brain_Amygdala,chr13_28027514_T_C_b38,,ENSG00000122025.15,FLT3,2322,7.83241163505047e-09,0.562274694442749,-73078
chr13,hsa04640,Hematopoietic cell lineage - Homo sapiens (human),Brain_Amygdala,chr13_28027514_T_C_b38,,ENSG00000122025.15,FLT3,2322,7.83241163505047e-09,0.562274694442749,-73078
chr13,hsa05200,Pathways in cancer - Homo sapiens (human),Brain_Amygdala,chr13_28027514_T_C_b38,,ENSG00000122025.15,FLT3,2322,7.83241163505047e-09,0.562274694442749,-73078
chr13,hsa05221,Acute myeloid leukemia - Homo sapiens (human),Brain_Amygdala,chr13_28027514_T_C_b38,,ENSG00000122025.15,FLT3,2322,7.83241163505047e-09,0.562274694442749,-73078
chr13,hsa04060,Cytokine-cytokine receptor interaction - Homo sapiens (human),Brain_Amygdala,chr13_28027857_G_A_b38,,ENSG00000122025.15,FLT3,2322,7.83241163505047e-09,0.562274694442749,-72735
chr13,hsa04640,Hematopoietic cell lineage - Homo sapiens (human),Brain_Amygdala,chr13_28027857_G_A_b38,,ENSG00000122025.15,FLT3,2322,7.83241163505047e-09,0.562274694442749,-72735
chr13,hsa05200,Pathways in cancer - Homo sapiens (human),Brain_Amygdala,chr13_28027857_G_A_b38,,ENSG00000122025.15,FLT3,2322,7.83241163505047e-09,0.562274694442749,-72735
chr13,hsa05221,Acute myeloid leukemia - Homo sapiens (human),Brain_Amygdala,chr13_28027857_G_A_b38,,ENSG00000122025.15,FLT3,2322,7.83241163505047e-09,0.562274694442749,-72735
chr13,hsa04060,Cytokine-cytokine receptor interaction - Homo sapiens (human),Brain_Amygdala,chr13_28028119_C_T_b38,,ENSG00000122025.15,FLT3,2322,5.29128348186026e-09,0.563686013221741,-72473
chr13,hsa04640,Hematopoietic cell lineage - Homo sapiens (human),Brain_Amygdala,chr13_28028119_C_T_b38,,ENSG00000122025.15,FLT3,2322,5.29128348186026e-09,0.563686013221741,-72473
chr13,hsa05200,Pathways in cancer - Homo sapiens (human),Brain_Amygdala,chr13_28028119_C_T_b38,,ENSG00000122025.15,FLT3,2322,5.29128348186026e-09,0.563686013221741,-72473
chr13,hsa05221,Acute myeloid leukemia - Homo sapiens (human),Brain_Amygdala,chr13_28028119_C_T_b38,,ENSG00000122025.15,FLT3,2322,5.29128348186026e-09,0.563686013221741,-72473
chr13,hsa04060,Cytokine-cytokine receptor interaction - Homo sapiens (human),Brain_Amygdala,chr13_28028467_T_C_b38,,ENSG00000122025.15,FLT3,2322,5.29128348186026e-09,0.563686013221741,-72125
chr13,hsa04640,Hematopoietic cell lineage - Homo sapiens (human),Brain_Amygdala,chr13_28028467_T_C_b38,,ENSG00000122025.15,FLT3,2322,5.29128348186026e-09,0.563686013221741,-72125
chr13,hsa05200,Pathways in cancer - Homo sapiens (human),Brain_Amygdala,chr13_28028467_T_C_b38,,ENSG00000122025.15,FLT3,2322,5.29128348186026e-09,0.563686013221741,-72125
chr13,hsa05221,Acute myeloid leukemia - Homo sapiens (human),Brain_Amygdala,chr13_28028467_T_C_b38,,ENSG00000122025.15,FLT3,2322,5.29128348186026e-09,0.563686013221741,-72125
chr13,hsa04060,Cytokine-cytokine receptor interaction - Homo sapiens (human),Brain_Amygdala,chr13_28028970_T_TG_b38,,ENSG00000122025.15,FLT3,2322,5.29128348186026e-09,0.563686013221741,-71622
chr13,hsa04640,Hematopoietic cell lineage - Homo sapiens (human),Brain_Amygdala,chr13_28028970_T_TG_b38,,ENSG00000122025.15,FLT3,2322,5.29128348186026e-09,0.563686013221741,-71622
chr13,hsa05200,Pathways in cancer - Homo sapiens (human),Brain_Amygdala,chr13_28028970_T_TG_b38,,ENSG00000122025.15,FLT3,2322,5.29128348186026e-09,0.563686013221741,-71622
chr13,hsa05221,Acute myeloid leukemia - Homo sapiens (human),Brain_Amygdala,chr13_28028970_T_TG_b38,,ENSG00000122025.15,FLT3,2322,5.29128348186026e-09,0.563686013221741,-71622
chr13,hsa04060,Cytokine-cytokine receptor interaction - Homo sapiens (human),Brain_Amygdala,chr13_28029140_C_T_b38,,ENSG00000122025.15,FLT3,2322,5.29128348186026e-09,0.563686013221741,-71452
chr13,hsa04640,Hematopoietic cell lineage - Homo sapiens (human),Brain_Amygdala,chr13_28029140_C_T_b38,,ENSG00000122025.15,FLT3,2322,5.29128348186026e-09,0.563686013221741,-71452
chr13,hsa05200,Pathways in cancer - Homo sapiens (human),Brain_Amygdala,chr13_28029140_C_T_b38,,ENSG00000122025.15,FLT3,2322,5.29128348186026e-09,0.563686013221741,-71452
chr13,hsa05221,Acute myeloid leukemia - Homo sapiens (human),Brain_Amygdala,chr13_28029140_C_T_b38,,ENSG00000122025.15,FLT3,2322,5.29128348186026e-09,0.563686013221741,-71452
chr13,hsa04060,Cytokine-cytokine receptor interaction - Homo sapiens (human),Brain_Amygdala,chr13_28029319_G_A_b38,,ENSG00000122025.15,FLT3,2322,5.29128348186026e-09,0.563686013221741,-71273
chr13,hsa04640,Hematopoietic cell lineage - Homo sapiens (human),Brain_Amygdala,chr13_28029319_G_A_b38,,ENSG00000122025.15,FLT3,2322,5.29128348186026e-09,0.563686013221741,-71273
chr13,hsa05200,Pathways in cancer - Homo sapiens (human),Brain_Amygdala,chr13_28029319_G_A_b38,,ENSG00000122025.15,FLT3,2322,5.29128348186026e-09,0.563686013221741,-71273
chr13,hsa05221,Acute myeloid leukemia - Homo sapiens (human),Brain_Amygdala,chr13_28029319_G_A_b38,,ENSG00000122025.15,FLT3,2322,5.29128348186026e-09,0.563686013221741,-71273
chr13,hsa04060,Cytokine-cytokine receptor interaction - Homo sapiens (human),Brain_Amygdala,chr13_28029329_T_TTGCAG_b38,,ENSG00000122025.15,FLT3,2322,5.29128348186026e-09,0.563686013221741,-71263
chr13,hsa04640,Hematopoietic cell lineage - Homo sapiens (human),Brain_Amygdala,chr13_28029329_T_TTGCAG_b38,,ENSG00000122025.15,FLT3,2322,5.29128348186026e-09,0.563686013221741,-71263
chr13,hsa05200,Pathways in cancer - Homo sapiens (human),Brain_Amygdala,chr13_28029329_T_TTGCAG_b38,,ENSG00000122025.15,FLT3,2322,5.29128348186026e-09,0.563686013221741,-71263
chr13,hsa05221,Acute myeloid leukemia - Homo sapiens (human),Brain_Amygdala,chr13_28029329_T_TTGCAG_b38,,ENSG00000122025.15,FLT3,2322,5.29128348186026e-09,0.563686013221741,-71263
chr13,hsa04060,Cytokine-cytokine receptor interaction - Homo sapiens (human),Brain_Amygdala,chr13_28029987_G_A_b38,,ENSG00000122025.15,FLT3,2322,5.29128348186026e-09,0.563686013221741,-70605
chr13,hsa04640,Hematopoietic cell lineage - Homo sapiens (human),Brain_Amygdala,chr13_28029987_G_A_b38,,ENSG00000122025.15,FLT3,2322,5.29128348186026e-09,0.563686013221741,-70605
chr13,hsa05200,Pathways in cancer - Homo sapiens (human),Brain_Amygdala,chr13_28029987_G_A_b38,,ENSG00000122025.15,FLT3,2322,5.29128348186026e-09,0.563686013221741,-70605
chr13,hsa05221,Acute myeloid leukemia - Homo sapiens (human),Brain_Amygdala,chr13_28029987_G_A_b38,,ENSG00000122025.15,FLT3,2322,5.29128348186026e-09,0.563686013221741,-70605
chr13,hsa04060,Cytokine-cytokine receptor interaction - Homo sapiens (human),Brain_Amygdala,chr13_28030637_G_A_b38,,ENSG00000122025.15,FLT3,2322,5.29128348186026e-09,0.563686013221741,-69955
chr13,hsa04640,Hematopoietic cell lineage - Homo sapiens (human),Brain_Amygdala,chr13_28030637_G_A_b38,,ENSG00000122025.15,FLT3,2322,5.29128348186026e-09,0.563686013221741,-69955
chr13,hsa05200,Pathways in cancer - Homo sapiens (human),Brain_Amygdala,chr13_28030637_G_A_b38,,ENSG00000122025.15,FLT3,2322,5.29128348186026e-09,0.563686013221741,-69955
chr13,hsa05221,Acute myeloid leukemia - Homo sapiens (human),Brain_Amygdala,chr13_28030637_G_A_b38,,ENSG00000122025.15,FLT3,2322,5.29128348186026e-09,0.563686013221741,-69955
chr13,hsa04060,Cytokine-cytokine receptor interaction - Homo sapiens (human),Brain_Amygdala,chr13_28031531_T_C_b38,,ENSG00000122025.15,FLT3,2322,5.29128348186026e-09,0.563686013221741,-69061
chr13,hsa04640,Hematopoietic cell lineage - Homo sapiens (human),Brain_Amygdala,chr13_28031531_T_C_b38,,ENSG00000122025.15,FLT3,2322,5.29128348186026e-09,0.563686013221741,-69061
chr13,hsa05200,Pathways in cancer - Homo sapiens (human),Brain_Amygdala,chr13_28031531_T_C_b38,,ENSG00000122025.15,FLT3,2322,5.29128348186026e-09,0.563686013221741,-69061
chr13,hsa05221,Acute myeloid leukemia - Homo sapiens (human),Brain_Amygdala,chr13_28031531_T_C_b38,,ENSG00000122025.15,FLT3,2322,5.29128348186026e-09,0.563686013221741,-69061
chr13,hsa04060,Cytokine-cytokine receptor interaction - Homo sapiens (human),Brain_Amygdala,chr13_28032042_T_A_b38,,ENSG00000122025.15,FLT3,2322,5.29128348186026e-09,0.563686013221741,-68550
chr13,hsa04640,Hematopoietic cell lineage - Homo sapiens (human),Brain_Amygdala,chr13_28032042_T_A_b38,,ENSG00000122025.15,FLT3,2322,5.29128348186026e-09,0.563686013221741,-68550
chr13,hsa05200,Pathways in cancer - Homo sapiens (human),Brain_Amygdala,chr13_28032042_T_A_b38,,ENSG00000122025.15,FLT3,2322,5.29128348186026e-09,0.563686013221741,-68550
chr13,hsa05221,Acute myeloid leukemia - Homo sapiens (human),Brain_Amygdala,chr13_28032042_T_A_b38,,ENSG00000122025.15,FLT3,2322,5.29128348186026e-09,0.563686013221741,-68550
chr13,hsa04060,Cytokine-cytokine receptor interaction - Homo sapiens (human),Brain_Amygdala,chr13_28033380_T_C_b38,,ENSG00000122025.15,FLT3,2322,3.20097525507994e-08,0.533283650875092,-67212
chr13,hsa04640,Hematopoietic cell lineage - Homo sapiens (human),Brain_Amygdala,chr13_28033380_T_C_b38,,ENSG00000122025.15,FLT3,2322,3.20097525507994e-08,0.533283650875092,-67212
chr13,hsa05200,Pathways in cancer - Homo sapiens (human),Brain_Amygdala,chr13_28033380_T_C_b38,,ENSG00000122025.15,FLT3,2322,3.20097525507994e-08,0.533283650875092,-67212
chr13,hsa05221,Acute myeloid leukemia - Homo sapiens (human),Brain_Amygdala,chr13_28033380_T_C_b38,,ENSG00000122025.15,FLT3,2322,3.20097525507994e-08,0.533283650875092,-67212
chr13,hsa04060,Cytokine-cytokine receptor interaction - Homo sapiens (human),Brain_Amygdala,chr13_28033573_G_C_b38,,ENSG00000122025.15,FLT3,2322,1.88147222680213e-08,0.543086886405945,-67019
chr13,hsa04640,Hematopoietic cell lineage - Homo sapiens (human),Brain_Amygdala,chr13_28033573_G_C_b38,,ENSG00000122025.15,FLT3,2322,1.88147222680213e-08,0.543086886405945,-67019
chr13,hsa05200,Pathways in cancer - Homo sapiens (human),Brain_Amygdala,chr13_28033573_G_C_b38,,ENSG00000122025.15,FLT3,2322,1.88147222680213e-08,0.543086886405945,-67019
chr13,hsa05221,Acute myeloid leukemia - Homo sapiens (human),Brain_Amygdala,chr13_28033573_G_C_b38,,ENSG00000122025.15,FLT3,2322,1.88147222680213e-08,0.543086886405945,-67019
chr13,hsa04060,Cytokine-cytokine receptor interaction - Homo sapiens (human),Brain_Amygdala,chr13_28040127_C_T_b38,,ENSG00000122025.15,FLT3,2322,1.29252751315358e-08,0.579849004745483,-60465
chr13,hsa04640,Hematopoietic cell lineage - Homo sapiens (human),Brain_Amygdala,chr13_28040127_C_T_b38,,ENSG00000122025.15,FLT3,2322,1.29252751315358e-08,0.579849004745483,-60465
chr13,hsa05200,Pathways in cancer - Homo sapiens (human),Brain_Amygdala,chr13_28040127_C_T_b38,,ENSG00000122025.15,FLT3,2322,1.29252751315358e-08,0.579849004745483,-60465
chr13,hsa05221,Acute myeloid leukemia - Homo sapiens (human),Brain_Amygdala,chr13_28040127_C_T_b38,,ENSG00000122025.15,FLT3,2322,1.29252751315358e-08,0.579849004745483,-60465
chr13,hsa04060,Cytokine-cytokine receptor interaction - Homo sapiens (human),Brain_Amygdala,chr13_28056114_T_C_b38,,ENSG00000122025.15,FLT3,2322,1.29252751315358e-08,0.579849004745483,-44478
chr13,hsa04640,Hematopoietic cell lineage - Homo sapiens (human),Brain_Amygdala,chr13_28056114_T_C_b38,,ENSG00000122025.15,FLT3,2322,1.29252751315358e-08,0.579849004745483,-44478
chr13,hsa05200,Pathways in cancer - Homo sapiens (human),Brain_Amygdala,chr13_28056114_T_C_b38,,ENSG00000122025.15,FLT3,2322,1.29252751315358e-08,0.579849004745483,-44478
chr13,hsa05221,Acute myeloid leukemia - Homo sapiens (human),Brain_Amygdala,chr13_28056114_T_C_b38,,ENSG00000122025.15,FLT3,2322,1.29252751315358e-08,0.579849004745483,-44478
chr13,hsa04350,TGF-beta signaling pathway - Homo sapiens (human),Brain_Amygdala,chr13_36871261_T_A_b38,,ENSG00000120693.14,SMAD9,4093,2.0534136123893e-09,0.502942025661469,-49504
chr13,hsa04350,TGF-beta signaling pathway - Homo sapiens (human),Brain_Amygdala,chr13_36871971_C_T_b38,,ENSG00000120693.14,SMAD9,4093,2.41317000989117e-09,0.495715886354446,-48794
chr13,hsa04350,TGF-beta signaling pathway - Homo sapiens (human),Brain_Amygdala,chr13_36872574_G_T_b38,,ENSG00000120693.14,SMAD9,4093,5.32552450637097e-10,0.511446237564087,-48191
chr13,hsa04350,TGF-beta signaling pathway - Homo sapiens (human),Brain_Amygdala,chr13_36874414_G_A_b38,,ENSG00000120693.14,SMAD9,4093,5.32552450637097e-10,0.511446237564087,-46351
chr13,hsa04350,TGF-beta signaling pathway - Homo sapiens (human),Brain_Amygdala,chr13_36877503_GATTT_G_b38,,ENSG00000120693.14,SMAD9,4093,5.32552450637097e-10,0.511446237564087,-43262
chr13,hsa04350,TGF-beta signaling pathway - Homo sapiens (human),Brain_Amygdala,chr13_36881254_G_A_b38,,ENSG00000120693.14,SMAD9,4093,1.8080400900418e-10,0.532316505908966,-39511
chr13,hsa04350,TGF-beta signaling pathway - Homo sapiens (human),Brain_Amygdala,chr13_36883153_T_C_b38,,ENSG00000120693.14,SMAD9,4093,1.8080400900418e-10,0.532316505908966,-37612
chr13,hsa04350,TGF-beta signaling pathway - Homo sapiens (human),Brain_Amygdala,chr13_36883549_G_C_b38,,ENSG00000120693.14,SMAD9,4093,2.91672823908364e-10,0.529313385486603,-37216
chr13,hsa04350,TGF-beta signaling pathway - Homo sapiens (human),Brain_Amygdala,chr13_36906064_T_C_b38,,ENSG00000120693.14,SMAD9,4093,3.51344379022804e-11,0.529674828052521,-14701
chr13,hsa04350,TGF-beta signaling pathway - Homo sapiens (human),Brain_Amygdala,chr13_36907557_C_G_b38,,ENSG00000120693.14,SMAD9,4093,1.73477623920538e-11,0.549789130687714,-13208
chr13,hsa04350,TGF-beta signaling pathway - Homo sapiens (human),Brain_Amygdala,chr13_36915418_C_T_b38,,ENSG00000120693.14,SMAD9,4093,2.56552061994092e-11,0.56003612279892,-5347
chr13,hsa04350,TGF-beta signaling pathway - Homo sapiens (human),Brain_Amygdala,chr13_36917587_TACAG_T_b38,,ENSG00000120693.14,SMAD9,4093,2.44165178601397e-11,0.546878159046173,-3178
chr13,hsa04350,TGF-beta signaling pathway - Homo sapiens (human),Brain_Amygdala,chr13_36918335_G_A_b38,,ENSG00000120693.14,SMAD9,4093,2.44165178601397e-11,0.546878159046173,-2430
chr13,hsa04350,TGF-beta signaling pathway - Homo sapiens (human),Brain_Amygdala,chr13_36920397_A_G_b38,,ENSG00000120693.14,SMAD9,4093,2.42199868986692e-10,0.522383332252502,-368
chr13,hsa00970,Aminoacyl-tRNA biosynthesis - Homo sapiens (human),Brain_Amygdala,chr13_110727435_T_TA_b38,,ENSG00000134905.17,CARS2,79587,4.98108973454321e-08,0.396131575107574,13832
chr13,hsa00970,Aminoacyl-tRNA biosynthesis - Homo sapiens (human),Brain_Amygdala,chr13_110729884_C_A_b38,,ENSG00000134905.17,CARS2,79587,2.63992272477969e-09,0.41568648815155,16281
chr13,hsa03030,DNA replication - Homo sapiens (human),Brain_Amygdala,chr13_50871224_A_G_b38,,ENSG00000136104.21,RNASEH2B,79621,1.64145800741838e-08,-0.395091891288757,-38523
chr13,hsa03030,DNA replication - Homo sapiens (human),Brain_Amygdala,chr13_50871424_A_G_b38,,ENSG00000136104.21,RNASEH2B,79621,6.85121195946408e-12,-0.458510130643845,-38323
chr13,hsa03030,DNA replication - Homo sapiens (human),Brain_Amygdala,chr13_50889070_C_A_b38,,ENSG00000136104.21,RNASEH2B,79621,2.10473352233154e-11,0.495135694742203,-20677
chr13,hsa03030,DNA replication - Homo sapiens (human),Brain_Amygdala,chr13_50904782_C_G_b38,,ENSG00000136104.21,RNASEH2B,79621,2.29815041475954e-12,0.507561385631561,-4965
chr13,hsa03030,DNA replication - Homo sapiens (human),Brain_Amygdala,chr13_50905014_G_A_b38,,ENSG00000136104.21,RNASEH2B,79621,2.29815041475954e-12,0.507561385631561,-4733
chr13,hsa03030,DNA replication - Homo sapiens (human),Brain_Amygdala,chr13_50906673_C_T_b38,,ENSG00000136104.21,RNASEH2B,79621,5.07305493426717e-17,0.589767813682556,-3074
chr13,hsa03030,DNA replication - Homo sapiens (human),Brain_Amygdala,chr13_50906784_A_C_b38,,ENSG00000136104.21,RNASEH2B,79621,2.34639449894543e-08,0.391795545816422,-2963
chr13,hsa03030,DNA replication - Homo sapiens (human),Brain_Amygdala,chr13_50907257_G_A_b38,,ENSG00000136104.21,RNASEH2B,79621,2.88244303154641e-16,0.509942054748535,-2490
chr13,hsa03030,DNA replication - Homo sapiens (human),Brain_Amygdala,chr13_50907261_C_T_b38,,ENSG00000136104.21,RNASEH2B,79621,2.04162072800855e-23,0.649100422859192,-2486
chr13,hsa03030,DNA replication - Homo sapiens (human),Brain_Amygdala,chr13_50907506_A_G_b38,,ENSG00000136104.21,RNASEH2B,79621,6.77715105447111e-14,0.524258434772492,-2241
chr13,hsa03030,DNA replication - Homo sapiens (human),Brain_Amygdala,chr13_50907589_ACT_A_b38,,ENSG00000136104.21,RNASEH2B,79621,1.26499819201993e-08,0.414215564727783,-2158
chr13,hsa03030,DNA replication - Homo sapiens (human),Brain_Amygdala,chr13_50907633_G_T_b38,,ENSG00000136104.21,RNASEH2B,79621,6.77715105447111e-14,0.524258434772492,-2114
chr13,hsa03030,DNA replication - Homo sapiens (human),Brain_Amygdala,chr13_50908576_C_T_b38,,ENSG00000136104.21,RNASEH2B,79621,1.26499819201993e-08,0.414215564727783,-1171
chr13,hsa03030,DNA replication - Homo sapiens (human),Brain_Amygdala,chr13_50910220_C_T_b38,,ENSG00000136104.21,RNASEH2B,79621,9.80364968586835e-24,0.654296398162842,473
chr13,hsa03030,DNA replication - Homo sapiens (human),Brain_Amygdala,chr13_50910309_C_T_b38,,ENSG00000136104.21,RNASEH2B,79621,1.16962385454171e-27,0.661145150661469,562
chr13,hsa03030,DNA replication - Homo sapiens (human),Brain_Amygdala,chr13_50916060_T_C_b38,,ENSG00000136104.21,RNASEH2B,79621,3.17025868945755e-17,0.56881445646286,6313
chr13,hsa03030,DNA replication - Homo sapiens (human),Brain_Amygdala,chr13_50917644_G_A_b38,,ENSG00000136104.21,RNASEH2B,79621,3.17025868945755e-17,0.56881445646286,7897
chr13,hsa03030,DNA replication - Homo sapiens (human),Brain_Amygdala,chr13_50917826_A_G_b38,,ENSG00000136104.21,RNASEH2B,79621,1.28467457659457e-14,0.522518455982208,8079
chr13,hsa03030,DNA replication - Homo sapiens (human),Brain_Amygdala,chr13_50922184_G_A_b38,,ENSG00000136104.21,RNASEH2B,79621,3.17025868945755e-17,0.56881445646286,12437
chr13,hsa03030,DNA replication - Homo sapiens (human),Brain_Amygdala,chr13_50925136_T_G_b38,,ENSG00000136104.21,RNASEH2B,79621,1.26499819201993e-08,0.414215564727783,15389
chr13,hsa03030,DNA replication - Homo sapiens (human),Brain_Amygdala,chr13_50926440_G_A_b38,,ENSG00000136104.21,RNASEH2B,79621,1.90302678328641e-12,0.442874491214752,16693
chr13,hsa03030,DNA replication - Homo sapiens (human),Brain_Amygdala,chr13_50926751_G_A_b38,,ENSG00000136104.21,RNASEH2B,79621,1.28467457659457e-14,0.522518455982208,17004
chr13,hsa03030,DNA replication - Homo sapiens (human),Brain_Amygdala,chr13_50937366_C_T_b38,,ENSG00000136104.21,RNASEH2B,79621,3.17025868945755e-17,0.56881445646286,27619
chr13,hsa03030,DNA replication - Homo sapiens (human),Brain_Amygdala,chr13_50942169_A_G_b38,,ENSG00000136104.21,RNASEH2B,79621,1.28467457659457e-14,0.522518455982208,32422
chr13,hsa03030,DNA replication - Homo sapiens (human),Brain_Amygdala,chr13_50952622_C_G_b38,,ENSG00000136104.21,RNASEH2B,79621,1.28467457659457e-14,0.522518455982208,42875
chr13,hsa03030,DNA replication - Homo sapiens (human),Brain_Amygdala,chr13_50956278_A_T_b38,,ENSG00000136104.21,RNASEH2B,79621,2.59536623769718e-08,0.408267706632614,46531
chr13,hsa03030,DNA replication - Homo sapiens (human),Brain_Amygdala,chr13_50957679_T_C_b38,,ENSG00000136104.21,RNASEH2B,79621,3.17025868945755e-17,0.56881445646286,47932
chr13,hsa03030,DNA replication - Homo sapiens (human),Brain_Amygdala,chr13_50966597_G_C_b38,,ENSG00000136104.21,RNASEH2B,79621,1.28467457659457e-14,0.522518455982208,56850
chr13,hsa04150,mTOR signaling pathway - Homo sapiens (human),Brain_Amygdala,chr13_49344039_G_T_b38,,ENSG00000102547.19,CAB39L,81617,9.80124588551515e-10,-0.624099314212799,-100025
chr13,hsa04810,Regulation of actin cytoskeleton - Homo sapiens (human),Brain_Amygdala,chr13_59756633_T_C_b38,,ENSG00000139734.19,DIAPH3,81624,4.55550727335304e-08,0.241103664040566,-407295
chr13,hsa04810,Regulation of actin cytoskeleton - Homo sapiens (human),Brain_Amygdala,chr13_59756758_T_C_b38,,ENSG00000139734.19,DIAPH3,81624,4.55550727335304e-08,0.241103664040566,-407170
chr13,hsa04810,Regulation of actin cytoskeleton - Homo sapiens (human),Brain_Amygdala,chr13_59757029_G_C_b38,,ENSG00000139734.19,DIAPH3,81624,4.55550727335304e-08,0.241103664040566,-406899
chr13,hsa04810,Regulation of actin cytoskeleton - Homo sapiens (human),Brain_Amygdala,chr13_59757170_A_G_b38,,ENSG00000139734.19,DIAPH3,81624,4.55550727335304e-08,0.241103664040566,-406758
chr13,hsa04810,Regulation of actin cytoskeleton - Homo sapiens (human),Brain_Amygdala,chr13_59757353_C_A_b38,,ENSG00000139734.19,DIAPH3,81624,4.55550727335304e-08,0.241103664040566,-406575
chr13,hsa04810,Regulation of actin cytoskeleton - Homo sapiens (human),Brain_Amygdala,chr13_59758924_C_T_b38,,ENSG00000139734.19,DIAPH3,81624,4.55550727335304e-08,0.241103664040566,-405004
chr13,hsa04810,Regulation of actin cytoskeleton - Homo sapiens (human),Brain_Amygdala,chr13_59759693_A_G_b38,,ENSG00000139734.19,DIAPH3,81624,4.55550727335304e-08,0.241103664040566,-404235
chr13,hsa04810,Regulation of actin cytoskeleton - Homo sapiens (human),Brain_Amygdala,chr13_59761054_A_G_b38,,ENSG00000139734.19,DIAPH3,81624,4.55550727335304e-08,0.241103664040566,-402874
chr13,hsa04810,Regulation of actin cytoskeleton - Homo sapiens (human),Brain_Amygdala,chr13_59761175_G_A_b38,,ENSG00000139734.19,DIAPH3,81624,4.55550727335304e-08,0.241103664040566,-402753
chr13,hsa04810,Regulation of actin cytoskeleton - Homo sapiens (human),Brain_Amygdala,chr13_59761359_T_A_b38,,ENSG00000139734.19,DIAPH3,81624,4.55550727335304e-08,0.241103664040566,-402569
chr13,hsa04810,Regulation of actin cytoskeleton - Homo sapiens (human),Brain_Amygdala,chr13_59761758_T_C_b38,,ENSG00000139734.19,DIAPH3,81624,4.55550727335304e-08,0.241103664040566,-402170
chr13,hsa04810,Regulation of actin cytoskeleton - Homo sapiens (human),Brain_Amygdala,chr13_59762462_A_AAAC_b38,,ENSG00000139734.19,DIAPH3,81624,4.55550727335304e-08,0.241103664040566,-401466
chr13,hsa04810,Regulation of actin cytoskeleton - Homo sapiens (human),Brain_Amygdala,chr13_59763016_T_C_b38,,ENSG00000139734.19,DIAPH3,81624,4.55550727335304e-08,0.241103664040566,-400912
chr13,hsa04810,Regulation of actin cytoskeleton - Homo sapiens (human),Brain_Amygdala,chr13_59763093_A_G_b38,,ENSG00000139734.19,DIAPH3,81624,4.55550727335304e-08,0.241103664040566,-400835
chr13,hsa04810,Regulation of actin cytoskeleton - Homo sapiens (human),Brain_Amygdala,chr13_59763841_T_A_b38,,ENSG00000139734.19,DIAPH3,81624,4.55550727335304e-08,0.241103664040566,-400087
chr13,hsa04810,Regulation of actin cytoskeleton - Homo sapiens (human),Brain_Amygdala,chr13_59765210_C_A_b38,,ENSG00000139734.19,DIAPH3,81624,4.55550727335304e-08,0.241103664040566,-398718
chr13,hsa04810,Regulation of actin cytoskeleton - Homo sapiens (human),Brain_Amygdala,chr13_59765360_G_A_b38,,ENSG00000139734.19,DIAPH3,81624,4.55550727335304e-08,0.241103664040566,-398568
chr13,hsa04810,Regulation of actin cytoskeleton - Homo sapiens (human),Brain_Amygdala,chr13_59766544_T_C_b38,,ENSG00000139734.19,DIAPH3,81624,4.55550727335304e-08,0.241103664040566,-397384
chr13,hsa04810,Regulation of actin cytoskeleton - Homo sapiens (human),Brain_Amygdala,chr13_59766630_G_A_b38,,ENSG00000139734.19,DIAPH3,81624,4.55550727335304e-08,0.241103664040566,-397298
chr13,hsa04810,Regulation of actin cytoskeleton - Homo sapiens (human),Brain_Amygdala,chr13_59766755_T_C_b38,,ENSG00000139734.19,DIAPH3,81624,4.55550727335304e-08,0.241103664040566,-397173
chr13,hsa04810,Regulation of actin cytoskeleton - Homo sapiens (human),Brain_Amygdala,chr13_59766912_G_A_b38,,ENSG00000139734.19,DIAPH3,81624,4.55550727335304e-08,0.241103664040566,-397016
chr13,hsa04810,Regulation of actin cytoskeleton - Homo sapiens (human),Brain_Amygdala,chr13_59767262_A_C_b38,,ENSG00000139734.19,DIAPH3,81624,4.55550727335304e-08,0.241103664040566,-396666
chr13,hsa04810,Regulation of actin cytoskeleton - Homo sapiens (human),Brain_Amygdala,chr13_59770946_A_G_b38,,ENSG00000139734.19,DIAPH3,81624,3.81721194243321e-08,0.242720767855644,-392982
chr13,hsa04810,Regulation of actin cytoskeleton - Homo sapiens (human),Brain_Amygdala,chr13_59771400_T_G_b38,,ENSG00000139734.19,DIAPH3,81624,3.52759883404519e-08,-0.241264373064041,-392528
chr13,hsa04810,Regulation of actin cytoskeleton - Homo sapiens (human),Brain_Amygdala,chr13_59772425_A_T_b38,,ENSG00000139734.19,DIAPH3,81624,4.55550727335304e-08,-0.241103664040566,-391503
chr13,hsa04810,Regulation of actin cytoskeleton - Homo sapiens (human),Brain_Amygdala,chr13_59772541_A_G_b38,,ENSG00000139734.19,DIAPH3,81624,4.55550727335304e-08,-0.241103664040566,-391387
chr13,hsa04810,Regulation of actin cytoskeleton - Homo sapiens (human),Brain_Amygdala,chr13_59772719_T_C_b38,,ENSG00000139734.19,DIAPH3,81624,4.55550727335304e-08,-0.241103664040566,-391209
chr13,hsa04810,Regulation of actin cytoskeleton - Homo sapiens (human),Brain_Amygdala,chr13_59772964_A_T_b38,,ENSG00000139734.19,DIAPH3,81624,4.55550727335304e-08,-0.241103664040566,-390964
chr13,hsa04810,Regulation of actin cytoskeleton - Homo sapiens (human),Brain_Amygdala,chr13_111223951_G_A_b38,,ENSG00000102606.19,ARHGEF7,8874,1.94105494991659e-08,-0.317805260419846,109032
chr13,hsa04810,Regulation of actin cytoskeleton - Homo sapiens (human),Brain_Amygdala,chr13_111224653_T_A_b38,,ENSG00000102606.19,ARHGEF7,8874,1.94105494991659e-08,-0.317805260419846,109734
chr13,hsa04810,Regulation of actin cytoskeleton - Homo sapiens (human),Brain_Amygdala,chr13_111241066_C_T_b38,,ENSG00000102606.19,ARHGEF7,8874,4.41353968485697e-09,-0.329793214797974,126147
chr13,hsa04810,Regulation of actin cytoskeleton - Homo sapiens (human),Brain_Amygdala,chr13_111243229_GT_G_b38,,ENSG00000102606.19,ARHGEF7,8874,1.35298853150533e-08,-0.323036670684814,128310
chr13,hsa04810,Regulation of actin cytoskeleton - Homo sapiens (human),Brain_Amygdala,chr13_111243399_C_T_b38,,ENSG00000102606.19,ARHGEF7,8874,1.35298853150533e-08,-0.323036670684814,128480
chr13,hsa04810,Regulation of actin cytoskeleton - Homo sapiens (human),Brain_Amygdala,chr13_111251852_C_T_b38,,ENSG00000102606.19,ARHGEF7,8874,1.35298853150533e-08,-0.323036670684814,136933
chr13,hsa04810,Regulation of actin cytoskeleton - Homo sapiens (human),Brain_Amygdala,chr13_111263812_TTCC_T_b38,,ENSG00000102606.19,ARHGEF7,8874,3.72624588999578e-09,-0.334235161542892,148893
chr13,hsa04810,Regulation of actin cytoskeleton - Homo sapiens (human),Brain_Amygdala,chr13_111268911_T_C_b38,,ENSG00000102606.19,ARHGEF7,8874,3.15521514217479e-09,-0.331914931535721,153992
chr13,hsa04810,Regulation of actin cytoskeleton - Homo sapiens (human),Brain_Amygdala,chr13_111274447_A_T_b38,,ENSG00000102606.19,ARHGEF7,8874,1.91270860336457e-09,-0.338331520557404,159528
chr13,hsa04810,Regulation of actin cytoskeleton - Homo sapiens (human),Brain_Amygdala,chr13_111281651_C_T_b38,,ENSG00000102606.19,ARHGEF7,8874,7.24096056102318e-09,-0.324480950832367,166732
chr13,hsa04810,Regulation of actin cytoskeleton - Homo sapiens (human),Brain_Amygdala,chr13_111285305_C_T_b38,,ENSG00000102606.19,ARHGEF7,8874,5.47889775200966e-09,-0.325853228569031,170386
chr13,hsa04810,Regulation of actin cytoskeleton - Homo sapiens (human),Brain_Amygdala,chr13_111288665_A_AT_b38,,ENSG00000102606.19,ARHGEF7,8874,4.41353968485697e-09,-0.329793214797974,173746
chr13,hsa04810,Regulation of actin cytoskeleton - Homo sapiens (human),Brain_Amygdala,chr13_111291585_G_A_b38,,ENSG00000102606.19,ARHGEF7,8874,2.57621583931045e-09,-0.336934179067612,176666
